ARTICLE_ID,HEADLINE,AUTHOR,CONTENT,ARTICLE_URL,MEDIA_PROVIDER,PUBLISH_DATE,VIEW_COUNT,COMMENT_COUNT,UNIQUE_COMMENTERS,ENGAGEMENT,LIKES_AND_VOTES,INBOUND_LINKS,FORUM_THREAD_SIZE,FOLLOWING,FOLLOWERS,UPDATES,BLOG_POST_SENTIMENT
57781095,Bastidores das mudanças: Deputados desfiguraram o projeto anticorrupção na madrugada,," de improbidade administrativa. Outras medidas que não constavam no projeto original, como a anistia ao caixa 2 e a criação da figura do ""reportante do bem"" também caíram. Ao final da votação, o relator do projeto, o deputado Onyx Lorenzoni (DEM-RS) afirmou que o texto estava sendo ""dizimado"". ""Do jeito que vai...",http://noticias.uol.com.br/politica/listas/como-deputados-desfiguraram-o-projeto-anticorrupcao-na-madrugada.htm,Mainstream Media,11/30/2016,0,0,0,0,0,0,0,0,0,0,Neutral
61739128,TWEET FROM: RAFAJUNINA,RAFAJUNINA,nossa vc é tão bonita que parece uma tijela de açaí com banana e granola,http://twitter.com/431222203/statuses/804029777929764876,TWITTER,11/30/2016,0,0,0,0,0,0,0,140,210,4691,Neutral
61820024,TWEET FROM: PEZZAGROWN,PEZZAGROWN,"RT @portallovato PEOPLE: Demi Lovato se abre sobre seu transtorno bipolar: ""Eu sou prova viva de viver bem"" com doenças mentais https://t.co/w2KPhguvax https://t.co/N9JzGU4mCm",http://twitter.com/2949348237/statuses/804029867423657984,TWITTER,11/30/2016,0,0,0,0,0,0,0,1028,1922,120033,Neutral
61864008,TWEET FROM: NAVEGANTESREST,NAVEGANTESREST,Cardápio de hoje no #NavegantesFoodTruck esta #CheioDeEncantos nos dominios da Lavô Eco-Lavanderia e Cultiva - Armazém Do Bem #esperamosvoce https://t.co/9wCWHpuEej,http://twitter.com/50135985/statuses/804029919177113600,TWITTER,11/30/2016,0,0,0,0,0,0,0,304,526,9616,Neutral
61864228,TWEET FROM: SLAJOVEN,SLAJOVEN,RT @murilomeloquero tudo criado com cereal no prato as 6 da manhã e quer bostejar,http://twitter.com/235125235/statuses/804029902265655296,TWITTER,11/30/2016,0,0,0,0,0,0,0,304,393,2535,Neutral
61884494,TWEET FROM: DBRAGAJR,DBRAGAJR,Cardápio de hoje no #NavegantesFoodTruck esta #CheioDeEncantos nos dominios da Lavô Eco-Lavanderia e Cultiva - Armazém Do Bem #esperamosvoce https://t.co/WFPty73X0V,http://twitter.com/62291333/statuses/804029919076487168,TWITTER,11/30/2016,0,0,0,0,0,0,0,57,22,515,Neutral
61898458,TWEET FROM: JESILLVA1,JESILLVA1,"@larysgms açúcar, leite, Nescau e manteiga... Mexe tudo, quando começa a desgrudar da panela tá pronto",http://twitter.com/4794431926/statuses/804029969282244608,TWITTER,11/30/2016,0,0,0,0,0,0,0,271,139,1925,Neutral
61956210,TWEET FROM: GABYSHLOTEFELDT,GABYSHLOTEFELDT,minha mami me ligou dizendo que amanhã vamos na Ritter ver a questão da matricula,http://twitter.com/2408021078/statuses/804030041424330754,TWITTER,11/30/2016,0,0,0,0,0,0,0,437,485,39579,Neutral
62056835,TWEET FROM: BRUNAWEBER16,BRUNAWEBER16,Fiz um bolo de fubá para o café da tarde e um tabuleiro de Cuzcuz para levar amanhã de manhã para a escola,http://twitter.com/2828018255/statuses/804030046356832257,TWITTER,11/30/2016,0,0,0,0,0,0,0,961,1214,18211,Neutral
62069231,TWEET FROM: ERICKJVIEIRA,ERICKJVIEIRA,"RT @magnoow nao faz sentido isso, se deus e um cara pra ser do bem entao ele iria querer q ninguem morresse iria querer todos vivos com saude feliz",http://twitter.com/461192569/statuses/804030085607071744,TWITTER,11/30/2016,0,0,0,0,0,0,0,230,305,13795,Neutral
62104140,TWEET FROM: TADDEI_PIRATINI,TADDEI_PIRATINI,Só  podia ser corrupto. Gente do bem não faria isso https://t.co/Tb6QyHZqQg,http://twitter.com/127023326/statuses/804030138342113286,TWITTER,11/30/2016,0,0,0,0,0,0,0,3730,3836,41296,Neutral
62119514,TWEET FROM: OLHOSVERDES00,OLHOSVERDES00,RT @explicaseries 3% lado de cá lado de lá ninguém sabe quem é do bem e quem é do mal DEVOLVE MEU CUBO,http://twitter.com/789851745606311936/statuses/804030166599139333,TWITTER,11/30/2016,0,0,0,0,0,0,0,79,43,599,Neutral
62273710,TWEET FROM: CLARAFULSS,CLARAFULSS,alguém afasta as caixas de barrinha de cereal de mim pelo amor vou comer tudo,http://twitter.com/368877550/statuses/804030309067067392,TWITTER,11/30/2016,0,0,0,0,0,0,0,1733,2450,92553,Neutral
62274833,TWEET FROM: TROPAPRODUCOES,TROPAPRODUCOES,"Eu vou da flores pra você no café da manhã, te acordar com beijos cheios de amor fazer por onde merecer seu carinho e calor �",http://twitter.com/2190142261/statuses/804030232504238092,TWITTER,11/30/2016,0,0,0,0,0,0,0,200,3312,14288,Neutral
62301604,TWEET FROM: NCB_FLU,NCB_FLU,"Dudu: ""Eram pessoas do bem, trabalhadoras, que deixam famílias, amigos e filhos. Recebi a notícia pela manhã, com meu irmão me ligando.""",http://twitter.com/737309116432056320/statuses/804030255577071616,TWITTER,11/30/2016,0,0,0,0,0,0,0,34,1739,5948,Neutral
62320278,TWEET FROM: _ADAMIB,_ADAMIB,"RT @portallovato PEOPLE: Demi Lovato se abre sobre seu transtorno bipolar: ""Eu sou prova viva de viver bem"" com doenças mentais https://t.co/w2KPhguvax https://t.co/N9JzGU4mCm",http://twitter.com/740537180997750784/statuses/804029851795652608,TWITTER,11/30/2016,0,0,0,0,0,0,0,195,253,6953,Neutral
62424227,TWEET FROM: BUTERARUMORS,BUTERARUMORS,RT @AlissaViolet breakfast in bed please,http://twitter.com/2442502647/statuses/804030407738064896,TWITTER,11/30/2016,0,0,0,0,0,0,0,1048,928,12030,Neutral
62480634,TWEET FROM: HUGOFABRICIOS,HUGOFABRICIOS,"em casa no café da manhã, após almoço, durante o serviço, pós serviço, e depois da janta. https://t.co/oQ3scX4Kgd",http://twitter.com/145059186/statuses/804030458224869376,TWITTER,11/30/2016,0,0,0,0,0,0,0,1965,2068,121072,Neutral
62539858,TWEET FROM: PAULONICO,PAULONICO,"RT @cartamaior Em nome do bem vindo combate à corrupção,partidarizaram o judiciário, destruíram a cadeia do petróleo e as empreiteiras e chantageiam o país https://t.co/QGjE8kaeGn",http://twitter.com/59259347/statuses/804030538730373125,TWITTER,11/30/2016,0,0,0,0,0,0,0,558,140,2608,Neutral
62679558,TWEET FROM: WHYHOYNE,WHYHOYNE,"RT @portallovato PEOPLE: Demi Lovato se abre sobre seu transtorno bipolar: ""Eu sou prova viva de viver bem"" com doenças mentais https://t.co/w2KPhguvax https://t.co/N9JzGU4mCm",http://twitter.com/836304967/statuses/804030585979146241,TWITTER,11/30/2016,0,0,0,0,0,0,0,1115,1375,69244,Neutral
62815363,TWEET FROM: NICKOLIVEIRA127,NICKOLIVEIRA127,"Uma coisa é SER MULHER SOLTEIRA ,outra coisa é ser marmita oferecida hahahah",http://twitter.com/4595008860/statuses/804030817521565696,TWITTER,11/30/2016,0,0,0,0,0,0,0,208,160,2290,Neutral
62892798,TWEET FROM: MUMUFORS,MUMUFORS,"dias assim são legais porque quando tu menos espera o cara maromba da loja do lado vem e te traz barra de cereal pq ""passei aq te vi triste""",http://twitter.com/3114365909/statuses/804030883497988096,TWITTER,11/30/2016,0,0,0,0,0,0,0,35,39,1571,Neutral
62936298,TWEET FROM: J0NATODRAUHL,J0NATODRAUHL,https://t.co/nUIJZ3X2oM,http://twitter.com/565555764/statuses/804030897234264064,TWITTER,11/30/2016,0,0,0,0,0,0,0,2214,2612,118614,Neutral
63016974,TWEET FROM: ERUDITE_COOKIE,ERUDITE_COOKIE,RT @troyesivan here it is!!!!!! the Lil Suburbia Tour Vlog <3 https://t.co/iT3ryRsYBY,http://twitter.com/502036664/statuses/804031000225468416,TWITTER,11/30/2016,0,0,0,0,0,0,0,2272,1594,36331,Neutral
63122434,TWEET FROM: DEBY_COOKIE,DEBY_COOKIE,"RT @pjtrickmaster Retweet para ganhar seguidores, siga quem retweetou e siga de volta todos que te seguiu. ��",http://twitter.com/4860625857/statuses/804031101610168324,TWITTER,11/30/2016,0,0,0,0,0,0,0,850,908,9224,Neutral
63125691,TWEET FROM: CARLOSANDRE144,CARLOSANDRE144,Nescau pós almoço,http://twitter.com/135369120/statuses/804031114352455680,TWITTER,11/30/2016,0,0,0,0,0,0,0,1098,864,46303,Neutral
63168307,TWEET FROM: PEDROPALESTRINO,PEDROPALESTRINO,RT @landoffacts Morning donuts. https://t.co/38AIdwqieW,http://twitter.com/3072844007/statuses/804031134451597313,TWITTER,11/30/2016,0,0,0,0,0,0,0,3555,6656,86897,Neutral
63175092,TWEET FROM: DEBY_COOKIE,DEBY_COOKIE,"RT @FTrickHP Retweet para ganhar seguidores, siga quem retweetou e siga de volta quem te seguiu. �",http://twitter.com/4860625857/statuses/804031121348558850,TWITTER,11/30/2016,0,0,0,0,0,0,0,850,908,9225,Neutral
63204322,TWEET FROM: LORRAINE_FERES,LORRAINE_FERES,"RT @portallovato PEOPLE: Demi Lovato se abre sobre seu transtorno bipolar: ""Eu sou prova viva de viver bem"" com doenças mentais https://t.co/w2KPhguvax https://t.co/N9JzGU4mCm",http://twitter.com/2497335329/statuses/804031195499659266,TWITTER,11/30/2016,0,0,0,0,0,0,0,175,260,3513,Neutral
63359710,TWEET FROM: IIGHTYWEIGHT,IIGHTYWEIGHT,RT @portallovato “Eu tenho fãs que lidam com todos os tipos de doenças mentais então isso é muto importante para eles.” https://t.co/w2KPhguvax,http://twitter.com/1413824359/statuses/804031360839065600,TWITTER,11/30/2016,0,0,0,0,0,0,0,384,1042,22360,Neutral
63421465,TWEET FROM: SEOKSOBER,SEOKSOBER,RT @ItsFoodPorn Cookie Dough Milkshake https://t.co/talnLGTLSF,http://twitter.com/2314278355/statuses/804031424206667776,TWITTER,11/30/2016,0,0,0,0,0,0,0,2992,2190,17205,Neutral
63481283,TWEET FROM: BADGALSAMI,BADGALSAMI,no açaí eu pedi granola e veio milhares de uvas passas de graça,http://twitter.com/2921604556/statuses/804031488945778688,TWITTER,11/30/2016,0,0,0,0,0,0,0,5346,6121,20506,Neutral
63497209,TWEET FROM: THAMY_WETSCHKY,THAMY_WETSCHKY,Nescau é tudo,http://twitter.com/178115189/statuses/804031495706972160,TWITTER,11/30/2016,0,0,0,0,0,0,0,395,670,16813,Neutral
63497845,Deputados proíbem recompensa e proteção a quem denunciar corrupção; veja como cada um votou,,Início » Notícias » Deputados proíbem recompensa e proteção a quem denunciar corrupção; veja como cada um votou Deputados proíbem recompensa e proteção a quem denunciar corrupção; veja como cada um votou Emenda tinha o objetivo de criar a figura do “reportante do bem” para incentivar o cidadão a denunciar cri...,http://feedproxy.google.com/~r/congresso/~3/31WtNdS7m8E/,Mainstream Media,11/30/2016,0,0,0,0,0,0,0,0,0,0,Neutral
63535687,TWEET FROM: NARRYSTUPID,NARRYSTUPID,toddy https://t.co/bq5dVV5XLs,http://twitter.com/2364873463/statuses/804031530859433988,TWITTER,11/30/2016,0,0,0,0,0,0,0,11423,16514,46906,Neutral
63665057,TWEET FROM: CARALEOBIA,CARALEOBIA,"RT @djdalin Se eu não comer nada de manhã, eu viro um bicho de de ignorância",http://twitter.com/724677167188193280/statuses/804031673679679489,TWITTER,11/30/2016,0,0,0,0,0,0,0,190,452,6382,Neutral
63719138,TWEET FROM: ROBSESSION,ROBSESSION,"tinha granola, mas eu não queria comer pura. taquei sorvete em cima.",http://twitter.com/10443912/statuses/804031724078452736,TWITTER,11/30/2016,0,0,0,0,0,0,0,334,556,7433,Neutral
63749302,TWEET FROM: ISXXBELLA,ISXXBELLA,to sem comer desde manhã pqp,http://twitter.com/573300129/statuses/804031758920544256,TWITTER,11/30/2016,0,0,0,0,0,0,0,831,1494,45177,Neutral
63760322,TWEET FROM: LUCSTTK,LUCSTTK,"@isdiniz teu signo e teu ascendente eu odeio mto forte kkkkkkkkkkkk pqp, n sei como me do bem ctg",http://twitter.com/4495433715/statuses/804031762254835712,TWITTER,11/30/2016,0,0,0,0,0,0,0,173,392,12305,Neutral
63770414,TWEET FROM: THEPUTADEAD,THEPUTADEAD,oq esperar de uma pessoa q ta comendo bolinha de nescau e ainda morrendo de fome sozinha em casa,http://twitter.com/4750043297/statuses/804031752037601280,TWITTER,11/30/2016,0,0,0,0,0,0,0,2768,1849,10901,Neutral
63798397,TWEET FROM: LEANDROCUNHA712,LEANDROCUNHA712,@Stux_777 Nescau ou Toddy,http://twitter.com/3395449857/statuses/804031758794706945,TWITTER,11/30/2016,0,0,0,0,0,0,0,158,43,368,Neutral
63807080,TWEET FROM: BIANCAREZENDE4,BIANCAREZENDE4,"RT @uelucas__ n aguento mais responsabilidades, só queria ver desenho e comer um sucrilhos",http://twitter.com/770280900/statuses/804031796946075649,TWITTER,11/30/2016,0,0,0,0,0,0,0,868,2527,34591,Neutral
63809479,TWEET FROM: COMTUDOBR,COMTUDOBR,"@spacexgazorp pois é mas eae, toddy ou nescau?",http://twitter.com/1080288949/statuses/804031775483822086,TWITTER,11/30/2016,0,0,0,0,0,0,0,1456,463,21186,Neutral
63813724,TWEET FROM: VICKLOVEGOOD,VICKLOVEGOOD,RT @AmazingPhil hi i'm phil and i'm a terrible flat mate who steals cereal and leaves kitchen cupboards open and i deserve to live to leave in great shame �,http://twitter.com/597057556/statuses/804031798107897861,TWITTER,11/30/2016,0,0,0,0,0,0,0,1854,1150,16835,Neutral
63813825,TWEET FROM: WILSINHOS,WILSINHOS,RT @Lamberg_T N é de hj q os Ministros do @STF_oficial desafiam a sociedade e os demais poderes. Cuidado! Vcs n estão acima do bem e do mal. #AbortoNão,http://twitter.com/119050462/statuses/804031756152274944,TWITTER,11/30/2016,0,0,0,0,0,0,0,862,531,12809,Neutral
63987848,TWEET FROM: JUBBT,JUBBT,RT @80sMoviePosts The Breakfast Club https://t.co/syu8xXFL2p,http://twitter.com/221451003/statuses/804031998805282816,TWITTER,11/30/2016,0,0,0,0,0,0,0,230,898,95694,Neutral
64181760,TWEET FROM: THAIS_RITTER,THAIS_RITTER,RT @RecitouOriente Tô querendo replay naquele teu beijo.,http://twitter.com/730240205484130304/statuses/804032202363256832,TWITTER,11/30/2016,0,0,0,0,0,0,0,150,77,380,Neutral
64206970,TWEET FROM: THAYSV_,THAYSV_,Difícil mesmo é ir no doce carioca e ter que comprar Barra de cereal quando o biz tá absurdamente barato,http://twitter.com/736201341018767360/statuses/804032231241089026,TWITTER,11/30/2016,0,0,0,0,0,0,0,420,474,7940,Neutral
64249647,TWEET FROM: TATIANEABREUF1,TATIANEABREUF1,"@lucasfresno GAUDÉRIO: subst. masc.: indivíduo sem ocupação, ocioso, malandro, vadio OBRIGADA GOOGLE https://t.co/V6pfmAlKEZ",http://twitter.com/14313541/statuses/804032285959946241,TWITTER,11/30/2016,0,0,0,0,0,0,0,152,241,4525,Neutral
64251180,TWEET FROM: DOUGRODRIGUESOL,DOUGRODRIGUESOL,"Qria deixar aqui meu protesto contra o center shop, pq nao eh possivel a nesfit passar de 3,30 pra 3,70 em um diaaaaa ��",http://twitter.com/4757348536/statuses/804032272995405824,TWITTER,11/30/2016,0,0,0,0,0,0,0,103,121,8731,Neutral
64333176,TWEET FROM: JACKAPENASJACK,JACKAPENASJACK,@_lalavasc olha uma vez eu vi pastel de feira de massa integral de aveia (O SABOR É IDÊNTICO!!!!!) esse sim foi o pior filme de terror,http://twitter.com/1358339250/statuses/804032363420405760,TWITTER,11/30/2016,0,0,0,0,0,0,0,368,167,20797,Neutral
64344583,TWEET FROM: ANADAZUVA,ANADAZUVA,RT @AmazingPhil hi i'm phil and i'm a terrible flat mate who steals cereal and leaves kitchen cupboards open and i deserve to live to leave in great shame �,http://twitter.com/245111304/statuses/804032376527585281,TWITTER,11/30/2016,0,0,0,0,0,0,0,336,1099,36790,Neutral
64376749,TWEET FROM: DEBY_COOKIE,DEBY_COOKIE,"RT @followtrickhp Retweet para ganhar seguidores, siga quem retweetou e siga de volta quem te seguiu �",http://twitter.com/4860625857/statuses/804032395246714880,TWITTER,11/30/2016,0,0,0,0,0,0,0,853,911,9226,Neutral
64459466,TWEET FROM: ___DANIRIBEIRO,___DANIRIBEIRO,Ameeii !! ❤️� https://t.co/g6fT6RIMP1,http://twitter.com/1244733896/statuses/804032461529292800,TWITTER,11/30/2016,0,0,0,0,0,0,0,163,12,518,Neutral
64560598,TWEET FROM: _LARYB,_LARYB,"Como que vcs consegue gostar de café??? É muito ruim, sou mais meu leite com nescau",http://twitter.com/3060343062/statuses/804032576809824256,TWITTER,11/30/2016,0,0,0,0,0,0,0,523,851,2350,Neutral
64564238,TWEET FROM: LU_AUDREY,LU_AUDREY,"Chegou minha cinta modeladora. Prestes a ter uma hemorragia interna e tô com um pouco de dificuldade pra respirar, mas tatu do bem �",http://twitter.com/46507029/statuses/804032588465795072,TWITTER,11/30/2016,0,0,0,0,0,0,0,983,714,43990,Neutral
64589603,TWEET FROM: BRUNAGRACIELY,BRUNAGRACIELY,Eu não gostava muito de gatos até ganhae o Nescau e o mostarda ❤,http://twitter.com/422995058/statuses/804032603053555722,TWITTER,11/30/2016,0,0,0,0,0,0,0,304,147,2608,Neutral
64619927,TWEET FROM: ADALBERTOGALO13,ADALBERTOGALO13,"RT @cartamaior Em nome do bem vindo combate à corrupção,partidarizaram o judiciário, destruíram a cadeia do petróleo e as empreiteiras e chantageiam o país https://t.co/QGjE8kaeGn",http://twitter.com/743890302470135808/statuses/804032642098364416,TWITTER,11/30/2016,0,0,0,0,0,0,0,186,34,892,Neutral
64632926,TWEET FROM: TGO1001,TGO1001,@wsanches_ @vafjr87 @Ericawee é exatamente esse o desafio. Conseguir morder o cookie e o sorvete ao mesmo tempo.,http://twitter.com/361350552/statuses/804032640911343616,TWITTER,11/30/2016,0,0,0,0,0,0,0,154,97,4793,Neutral
64638926,TWEET FROM: LARISOARES_P,LARISOARES_P,RT @nescau_raro A melhor notícia que eu já pude receber https://t.co/PrrRaO4ZrF,http://twitter.com/140936546/statuses/804032652504432640,TWITTER,11/30/2016,0,0,0,0,0,0,0,238,312,19407,Neutral
64656431,TWEET FROM: BRUNAGRACIELY,BRUNAGRACIELY,Nescau se foi mas continua no meu coração,http://twitter.com/422995058/statuses/804032670095331329,TWITTER,11/30/2016,0,0,0,0,0,0,0,304,147,2609,Neutral
64714063,TWEET FROM: JANINE_DA_CAMZ,JANINE_DA_CAMZ,RT @portallovato “Eu tenho fãs que lidam com todos os tipos de doenças mentais então isso é muto importante para eles.” https://t.co/w2KPhguvax,http://twitter.com/1656390102/statuses/804032733429301254,TWITTER,11/30/2016,0,0,0,0,0,0,0,609,862,13757,Neutral
64764534,TWEET FROM: BIELHENRYKE,BIELHENRYKE,Pizza de café da manhã é muito bom não é amigos,http://twitter.com/184565941/statuses/804032807815282689,TWITTER,11/30/2016,0,0,0,0,0,0,0,738,1000,12327,Neutral
64773100,TWEET FROM: JANINE_DA_CAMZ,JANINE_DA_CAMZ,"RT @portallovato PEOPLE: Demi Lovato se abre sobre seu transtorno bipolar: ""Eu sou prova viva de viver bem"" com doenças mentais https://t.co/w2KPhguvax https://t.co/N9JzGU4mCm",http://twitter.com/1656390102/statuses/804032785740599296,TWITTER,11/30/2016,0,0,0,0,0,0,0,609,862,13758,Neutral
64851145,TWEET FROM: GIAN_MAD,GIAN_MAD,"RT @cartamaior Entre outras proezas, Moro & Cia queriam legitimar a figura do alcagueta, rebatizada de 'reportante do bem', remunerado para ser dedo-duro",http://twitter.com/51807573/statuses/804032865373683712,TWITTER,11/30/2016,0,0,0,0,0,0,0,344,167,7605,Neutral
64882897,TWEET FROM: ROSIMAC2007,ROSIMAC2007,"RT @oConsciente cartamaior: Entre outras proezas, Moro & Cia queriam legitimar a figura do alcagueta, rebatizada de 'reportante do bem', remunerado para se…",http://twitter.com/761677564674973696/statuses/804032888333336576,TWITTER,11/30/2016,0,0,0,0,0,0,0,136,33,1381,Neutral
65061066,TWEET FROM: ANALU_SX,ANALU_SX,"Tô com fome, mas não é de barra de cereal viu pai",http://twitter.com/2849613584/statuses/804033092050681856,TWITTER,11/30/2016,0,0,0,0,0,0,0,946,1048,17686,Neutral
65105061,TWEET FROM: MAIS_UM_CARA,MAIS_UM_CARA,"Depois, quem tem ""projeto de poder"" é o PT... https://t.co/SPDuFaiaYG",http://twitter.com/1542465439/statuses/804033130894073857,TWITTER,11/30/2016,0,0,0,0,0,0,0,1744,1917,41069,Neutral
65115488,TWEET FROM: ENZIINHOBRAGA,ENZIINHOBRAGA,Que raiva que eu tenho quando eu me sirvo sucrilhos e pego o leite e vejo que n tem leite gelado o suficente pra encher a tigela,http://twitter.com/793027767092871168/statuses/804033152066977795,TWITTER,11/30/2016,0,0,0,0,0,0,0,46,59,78,Neutral
65155688,TWEET FROM: AIZENTRASH,AIZENTRASH,@pinkpastelgirl MAS É AQUELE SPOILER DO BEM QUE ABENÇOA O NOSSO DIA,http://twitter.com/307474047/statuses/804033185608826882,TWITTER,11/30/2016,0,0,0,0,0,0,0,7876,10669,137647,Neutral
65160280,TWEET FROM: LUCASMTRI,LUCASMTRI,"Praia, sol,  gente nova,  um copo de suco de manhã e uma companhia ao acordar",http://twitter.com/1099570759/statuses/804033187349463040,TWITTER,11/30/2016,0,0,0,0,0,0,0,138,127,9392,Neutral
65249220,TWEET FROM: NESCAU_007,NESCAU_007,RT @nandoh vc // o ex dela https://t.co/OgPtBdi3GE,http://twitter.com/736190505441230849/statuses/804033270744842240,TWITTER,11/30/2016,0,0,0,0,0,0,0,214,67,89,Neutral
65289701,TWEET FROM: MIRAND_AGATA,MIRAND_AGATA,RT @1psicopatafeliz p namorar cmg tem q saber q eu vou querer te comer umas 3 vezes todo dia só pela manha,http://twitter.com/3725443815/statuses/804033324368953346,TWITTER,11/30/2016,0,0,0,0,0,0,0,623,121,442,Neutral
65336235,TWEET FROM: CEVANSLESTER,CEVANSLESTER,RT @AmazingPhil hi i'm phil and i'm a terrible flat mate who steals cereal and leaves kitchen cupboards open and i deserve to live to leave in great shame �,http://twitter.com/894354042/statuses/804033362012688384,TWITTER,11/30/2016,0,0,0,0,0,0,0,1722,1821,59687,Neutral
65352166,TWEET FROM: NESCAU_007,NESCAU_007,RT @FodasTodoMundo C horamos H oje A manhã  P ermanecermos  E m C onstante  O rações  E les  N unca  S erão E squecidos  #ForçaChape https://t.co/j6Z59kgEH6,http://twitter.com/736190505441230849/statuses/804033380878843909,TWITTER,11/30/2016,0,0,0,0,0,0,0,214,67,90,Neutral
65358446,TWEET FROM: GUXTAVOCF,GUXTAVOCF,@giosilvam mana eu comi marmita kkkkkk,http://twitter.com/1269418782/statuses/804033364231651328,TWITTER,11/30/2016,0,0,0,0,0,0,0,3074,3946,26942,Neutral
65421994,CORRUPTOS NÃO QUEREM COMBATER CORRUPÇÃO,M.AMERICO,"Com o poder de influência da mídia atraindo toda a atenção das pessoas para a tragédia com o time da Chapecoense, era previsível que os deputados e senadores iriam aproveitar para fazer suas armações. Não deu outra. O plenário da Câmara desfigurou o projeto de medidas de combate à corrupção. Os deputados apro...",http://lorotaspoliticaseverdades.blogspot.com/2016/11/corruptos-nao-querem-combater-corrupcao.html,Aggregator,11/30/2016,0,0,0,0,0,0,0,0,0,0,Neutral
65436267,TWEET FROM: ANALU_SX,ANALU_SX,Meu pai é do tipo que compra 2 barra de cereal e fala que é tua janta,http://twitter.com/2849613584/statuses/804033469374402560,TWITTER,11/30/2016,0,0,0,0,0,0,0,946,1048,17690,Neutral
65460445,TWEET FROM: DANIIFRS,DANIIFRS,"É meio que uma corrente do bem, Preto anima minha semana e consigo dar bons conselhos pras amigas HIUAOHIUEHOIUAHIUEH",http://twitter.com/79034296/statuses/804033498420039681,TWITTER,11/30/2016,0,0,0,0,0,0,0,173,463,35180,Neutral
65559859,TWEET FROM: HENRIQUEBELZONT,HENRIQUEBELZONT,"RT @absn2009 @joaquimboficial avisou o que cidadão, correu da parada e agora posa de acima do bem?",http://twitter.com/133852493/statuses/804033566971723782,TWITTER,11/30/2016,0,0,0,0,0,0,0,59,24,1814,Neutral
65566192,TWEET FROM: THELLY_FONSECA,THELLY_FONSECA,Nescau https://t.co/35lAEPMuGE,http://twitter.com/3342122356/statuses/804033612995825664,TWITTER,11/30/2016,0,0,0,0,0,0,0,2862,3426,33806,Neutral
65599282,TWEET FROM: MIWAGNER_,MIWAGNER_,"RT @uelucas__ n aguento mais responsabilidades, só queria ver desenho e comer um sucrilhos",http://twitter.com/493550174/statuses/804033654645260288,TWITTER,11/30/2016,0,0,0,0,0,0,0,844,1175,47605,Neutral
65668621,TWEET FROM: FAGUNDESLARAA,FAGUNDESLARAA,pedi um chocotone da nestle p meu padrasto e ele trouxe três❤️,http://twitter.com/2435934161/statuses/804033671237926914,TWITTER,11/30/2016,0,0,0,0,0,0,0,245,356,7890,Neutral
65764473,TWEET FROM: _ANALUTEIXEIRA,_ANALUTEIXEIRA,Vim compartilhar que paguei 7 reais numa lata de Nescau. A vida segue.,http://twitter.com/4488141147/statuses/804033823864455168,TWITTER,11/30/2016,0,0,0,0,0,0,0,93,129,4946,Neutral
65785946,TWEET FROM: MAITEGR_,MAITEGR_,férias é tomar café da manhã 12h e almoçar 18h,http://twitter.com/455887611/statuses/804033821733744640,TWITTER,11/30/2016,0,0,0,0,0,0,0,365,688,31961,Neutral
65799616,TWEET FROM: ARTHUUR67,ARTHUUR67,Marmita de bandido affzão POKDPOAWKDAW,http://twitter.com/736983725767036928/statuses/804033859956441097,TWITTER,11/30/2016,0,0,0,0,0,0,0,54,78,732,Neutral
65839696,TWEET FROM: FREEHUGS4PANDAS,FREEHUGS4PANDAS,RT @turbothot nobody talk to me in the morning until ive had a cup of vegan coffee  ���� https://t.co/WU4HVmsoRl,http://twitter.com/302037769/statuses/804033890524524544,TWITTER,11/30/2016,0,0,0,0,0,0,0,1239,1900,92309,Neutral
65869004,TWEET FROM: JANOSFTLOUIS,JANOSFTLOUIS,RT @AmazingPhil hi i'm phil and i'm a terrible flat mate who steals cereal and leaves kitchen cupboards open and i deserve to live to leave in great shame �,http://twitter.com/1177491162/statuses/804033926746537985,TWITTER,11/30/2016,0,0,0,0,0,0,0,2358,2756,16722,Neutral
65878330,TWEET FROM: RAFATEQUILLA,RAFATEQUILLA,RT @caroliinaas2 Cada um tem q saber dos seus atos e viver bem com as consequências dos mesmos.,http://twitter.com/234837218/statuses/804033947189399552,TWITTER,11/30/2016,0,0,0,0,0,0,0,425,560,16764,Neutral
65924588,TWEET FROM: THAMARALIIMA_,THAMARALIIMA_,Acho que vou tomar um Nescau quentinho,http://twitter.com/558793430/statuses/804033990575456256,TWITTER,11/30/2016,0,0,0,0,0,0,0,300,494,14541,Neutral
65958685,"Leite Condensado Piracanjuba Zero Lactose é eleito o “lançamento do ano”, pela Abras",AGITO SP," “laticínios”, pela Associação Brasileira de Supermercados (Abras). A entrega do troféu foi realizada hoje, 30 de novembro, durante um café da manhã, em São Paulo (SP). “Ficamos lisonjeados com todas as premiações que recebemos. Entretanto, essa é ainda mais relevante, uma vez que retrata a escolha dos próprios...",http://edutakashi.wordpress.com/2016/11/30/leite-condensado-piracanjuba-zero-lactose-e-eleito-o-lancamento-do-ano-pela-abras/,Aggregator,11/30/2016,0,0,0,0,0,0,0,0,0,0,Neutral
66017742,TWEET FROM: JAYPORNPARK,JAYPORNPARK,� Vem aqui pra eu te por em um potinho fofa  -� https://t.co/JHeJTtxCkO,http://twitter.com/732709337655873536/statuses/804034054093938688,TWITTER,11/30/2016,0,0,0,0,0,0,0,237,3683,7538,Neutral
66150788,TWEET FROM: MARIAYASSMIN,MARIAYASSMIN,galerinha do bem e galerinha do mal sera q vcs poderiam seguir o @fdestesolo eh pro bem da minha nota,http://twitter.com/989904890/statuses/804034249691197440,TWITTER,11/30/2016,0,0,0,0,0,0,0,409,1152,31999,Neutral
66164891,TWEET FROM: LMJHEARTD,LMJHEARTD,toddy https://t.co/TUPuJhqzdB,http://twitter.com/2407271216/statuses/804033953724252160,TWITTER,11/30/2016,0,0,0,0,0,0,0,8617,12208,95833,Neutral
66165403,TWEET FROM: INTENSIFICADA,INTENSIFICADA,RT @portallovato “Eu tenho fãs que lidam com todos os tipos de doenças mentais então isso é muto importante para eles.” https://t.co/w2KPhguvax,http://twitter.com/2317066517/statuses/804034259229016064,TWITTER,11/30/2016,0,0,0,0,0,0,0,119,219,18343,Neutral
66188084,TWEET FROM: JULIAMEEST,JULIAMEEST,"tem salada de fruta, cereal e chocolate... qual será que eu vou comer",http://twitter.com/715337363937968128/statuses/804034278585696257,TWITTER,11/30/2016,0,0,0,0,0,0,0,336,450,8220,Neutral
66282459,Cármen Lúcia critica versão aprovada pela Câmara de projeto anticorrupção,ABEL CARVALHO," foram cassados ""em tempos mais tristes"" e que se pode ""calar o juiz"", mas não se conseguirá ""calar a Justiça"". COMO VOTOU CADA DEPUTADO Veja as mudanças no pacote anticorrupção pacote aprovado propostas retiradas 1. reportante do bem 2. abuso de autoridade 3. teste de integridade 4. domínio de bens 5. progressão...",http://blogdoabelcarvalho.blogspot.com/2016/11/carmen-lucia-critica-versao-aprovada.html,Aggregator,11/30/2016,0,0,0,0,0,0,0,0,0,0,Neutral
66287300,TWEET FROM: FEELSLIKEACID,FEELSLIKEACID,@oitchaus nunca comi também mas um dia meu amigo comprou um cookie que tinha lesma dentro aí eu nunca mais tive coragem,http://twitter.com/190007510/statuses/804034347674304519,TWITTER,11/30/2016,0,0,0,0,0,0,0,287,434,37308,Neutral
66418577,TWEET FROM: KBCATIMAO161910,KBCATIMAO161910,"RT @miriancastro Pra rua, Brasil do bem! https://t.co/joGbK4LvTb",http://twitter.com/2398414835/statuses/804034102097805312,TWITTER,11/30/2016,0,0,0,0,0,0,0,118,50,1235,Neutral
66474315,TWEET FROM: RE_FLORESCENDO,RE_FLORESCENDO,Sua xícara � @ctamuitoloko https://t.co/2pHTxNMfPn,http://twitter.com/1628452957/statuses/804034351679864838,TWITTER,11/30/2016,0,0,0,0,0,0,0,776,2120,14198,Neutral
66480849,TWEET FROM: OITCHAUS,OITCHAUS,@feelslikeacid se pa a lesma era mais gostosa que o cookie kkkk,http://twitter.com/236416519/statuses/804034514251026432,TWITTER,42704,0,0,0,0,0,0,0,188,197,16368,Neutral
66517269,TWEET FROM: MORGADOCHICKEN,MORGADOCHICKEN,RT @turbothot nobody talk to me in the morning until ive had a cup of vegan coffee  ���� https://t.co/WU4HVmsoRl,http://twitter.com/1229939274/statuses/804034583150919680,TWITTER,42704,0,0,0,0,0,0,0,256,2583,169867,Neutral
66572405,TWEET FROM: JUUH_RITTER,JUUH_RITTER,@maiaramaia__ até tu kkkk,http://twitter.com/353068423/statuses/804034631808864257,TWITTER,42704,0,0,0,0,0,0,0,700,913,51978,Neutral
66589808,TWEET FROM: ANA_SULCHINSCKI,ANA_SULCHINSCKI,RT @AmazingPhil hi i'm phil and i'm a terrible flat mate who steals cereal and leaves kitchen cupboards open and i deserve to live to leave in great shame �,http://twitter.com/744685129440837632/statuses/804034654630248449,TWITTER,42704,0,0,0,0,0,0,0,13,3,17,Neutral
66606843,TWEET FROM: ISAPDRS,ISAPDRS,hj de manha briguei feio com a minha mae pq ela veio encher o saco falando que eu nao to comendo,http://twitter.com/311742269/statuses/804034651069280262,TWITTER,42704,0,0,0,0,0,0,0,293,1882,90541,Neutral
66763417,TWEET FROM: CELSO_LEITE,CELSO_LEITE,"RT @frulanis Eu estou desconfiada q esses togados sonham que são uma ENTIDADE CELESTIAL diferenciada das outras, acima do bem e do mal.",http://twitter.com/123015325/statuses/804034825636216838,TWITTER,42704,0,0,0,0,0,0,0,1440,1714,82883,Neutral
66766035,TWEET FROM: MRELKAI,MRELKAI,@SrWilsonCCA so comi sucrilhos na vida,http://twitter.com/266905718/statuses/804034823790723084,TWITTER,42704,0,0,0,0,0,0,0,191,93,839,Neutral
66858286,Eventos Cervejeiros da Semana,ANDERSON SENNE," da Founders Week! Serão 15 chopes Founders Brewing Co. plugados, e ainda um cardápio especial para a semana. Confira a lista de cervejas nas torneiras: All day IPA (Session IPA) Mosaic Promise (APA) Dirty Bastard (Scotch Ale) Pale Ale Nitro Breakfast Stout (Stout com aveia, chocolate e café) Curmudgeon...",http://www.mariacevada.com.br/2016/11/eventos-cervejeiros-da-semana-no-rio-de-janeiro.html,Generic Blogs,42704,0,0,0,0,0,0,0,0,0,0,Neutral
66861577,MOTO ROMARIA DE MOSSORÓ CHEGA SEXTA-FEIRA EM CANINDÉ.,C4 NOTÍCIAS," Canindé está prevista para 8h e 30 minutos da Avenida Presidente Dutra. Antes eles participam de um café da manhã e rezam antes de partirem. Antes das rezas, orientações para que a viagem seja a mais tranquila possível. ‘’Não devemos nos distanciar muito um dos outros, para evitar choques e também evitarmos...",http://www.c4noticias.com.br/2016/11/moto-romaria-de-mossoro-chega-sexta.html,Generic Blogs,42704,0,0,0,0,0,0,0,0,0,0,Neutral
66868641,VERGONHOSO E INFAME: DEPUTADOS PROMOVEM UM GOLPE CONTRA A NAÇÃO BRASILEIRA. ,AGUIA DOURADA," inicial do pacote era combater a impunidade, mas isso não vai acontecer porque as principais ferramentas foram afastadas. O combate à corrupção vai ficar fragilizado e, com um agravante, que foi a essa intimidação aos investigadores”, disse o relator. Ao final da votação, o presidente da Câmara, Rodrigo Maia...",http://ebarross.blogspot.com/2016/11/vergonhoso-e-infame-deputados-promovem.html,Aggregator,42704,0,0,0,0,0,0,0,0,0,0,Neutral
66988758,"RK Partnes tem 180 dias para cumprir nove metas; R$ 1,2 bi serão investidos em 7 anos",,"Gilberto Leite/Rdnews Diretor da RK Partners, Marcelo Matos, na coletiva com o prefeito Mauro Mendes, informou que a substituição da CAB Cuiabá envolve acordo com credores que permitiu a renegociação das dívidas A RK Partnes Assessoria Financeira e Gestão de Recursos Ltda têm 18 meses para resolver os...",http://www.rdnews.com.br/cidades//rk-partnes-tem-180-dias-para-cumprir-nove-metas-r-1-2-bi-serao-investidos-em-7-anos/78290,Mainstream Media,42704,0,0,0,0,0,0,0,0,0,0,Neutral
66995171,TWEET FROM: SCARSBROOKE,SCARSBROOKE,RT @portallovato “Eu tenho fãs que lidam com todos os tipos de doenças mentais então isso é muto importante para eles.” https://t.co/w2KPhguvax,http://twitter.com/531558876/statuses/804035098236616704,TWITTER,42704,0,0,0,0,0,0,0,1555,2191,20132,Neutral
67015979,TWEET FROM: DEBY_COOKIE,DEBY_COOKIE,"RT @FTrickHP Retweet para ganhar seguidores, siga quem retweetou e siga de volta quem te seguiu. �",http://twitter.com/4860625857/statuses/804035074417106944,TWITTER,42704,0,0,0,0,0,0,0,858,915,9227,Neutral
67045668,TWEET FROM: KAROL_ALKMIM,KAROL_ALKMIM,"Quando você esta morrendo por um doce , mas não abre mão da dieta . Whey + agua + banana e aveia em flocos sério sem noção de gostoso . https://t.co/U3AawbSNtk",http://twitter.com/203730984/statuses/804035114846060544,TWITTER,42704,0,0,0,0,0,0,0,580,212,1845,Neutral
67168092,TWEET FROM: CHOCO_VANILLA9,CHOCO_VANILLA9,RT @13reasonquotes Upside Down Banana Bread��  https://t.co/ynvWZiPbNf,http://twitter.com/2680555153/statuses/804035275697618959,TWITTER,42704,0,0,0,0,0,0,0,276,85,1632,Neutral
67211677,"Pesquisa: aipim, a abóbora, mamão, inhame e abacate mais caros para o consumidor campista",ITABAPOANA NEWS RONALDO," diferença, se comparados de um estabelecimento para outro. Confira as diferenças mais gritantes: Produto Menor preço Maior preço Abóbora 1,49 3,99 Alho 16,00 24,99 Pepino 0,99 4,79 Pimentão 1,99 3,99 Abacaxi unidade 1,00 4,99 melancia 0,99 2,49 Mamão 1,99 4,99 Tabela de produtos hortifrutigranjeiros – Dia 28, 29...",http://itabapoananews.blogspot.com/2016/11/pesquisa-aipim-abobora-mamao-inhame-e.html,Blogspot,42704,0,0,0,0,0,0,0,0,0,0,Neutral
67297735,TWEET FROM: CABEYOCOIORS,CABEYOCOIORS,RT @portallovato “Eu tenho fãs que lidam com todos os tipos de doenças mentais então isso é muto importante para eles.” https://t.co/w2KPhguvax,http://twitter.com/1928204653/statuses/804035474310496257,TWITTER,42704,0,0,0,0,0,0,0,16068,23852,256418,Neutral
67362108,Comment From: Danielly Meireles  ,DANIELLY MEIRELES,Eu desafio a Nestlé Nestlé Ninho relançar no Brasil o nesquik de chocolate.,http://www.facebook.com/permalink.php?story_fbid=996214700506547&id=207275136067178&comment_id=1016785248449492,Facebook Comments,42704,0,0,0,0,0,0,0,0,0,0,Neutral
67362183,Reply From: Nestlé  ,NESTLÉ,"Oi Ana, ficamos felizes em saber do seu carinho pelo nosso Mocinha! Deixaremos registrada sua sugestão para que ele volte e vamos torcer!!! Obrigado pelo carinho e até mais. ;)",http://www.facebook.com/permalink.php?story_fbid=996214700506547&id=207275136067178&comment_id=1016784915116192,Facebook Replies,42704,0,0,0,0,0,0,0,0,0,0,Neutral
67404558,TWEET FROM: NAPAULARENAULT_,NAPAULARENAULT_,"antes de qualquer coisa, qual a graça de ser fã e subir tag pra pessoa ''Munik na limone modas'' ''Munik na loja ceara'' KKKKKKKKKKK https://t.co/1abKH4bsPO",http://twitter.com/763789145823178752/statuses/804035551397629952,TWITTER,42704,0,0,0,0,0,0,0,339,518,10363,Neutral
67522904,TWEET FROM: LOMAARAUJOO,LOMAARAUJOO,Esse ano tá mais difícil que cortar bife com faca de plástico na marmita de isopor!,http://twitter.com/748222392959381507/statuses/804034922822402048,TWITTER,42704,0,0,0,0,0,0,0,158,208,2260,Neutral
67658596,TWEET FROM: CASCAVELLETTES,CASCAVELLETTES,"RT @cartamaior Em nome do bem vindo combate à corrupção,partidarizaram o judiciário, destruíram a cadeia do petróleo e as empreiteiras e chantageiam o país https://t.co/QGjE8kaeGn",http://twitter.com/601665285/statuses/804035751965032452,TWITTER,42704,0,0,0,0,0,0,0,1427,851,59691,Neutral
67688571,TWEET FROM: NAPAULARENAULT_,NAPAULARENAULT_,desculpa ai mas o Fandom Renault trabalha tag em eventos fortes e não em Lojas que ninguem sabe que existe kkk bjs https://t.co/1abKH4bsPO,http://twitter.com/763789145823178752/statuses/804035689553817600,TWITTER,42704,0,0,0,0,0,0,0,339,518,10364,Neutral
67692279,TWEET FROM: LUDY2510,LUDY2510,RT @1psicopatafeliz p namorar cmg tem q saber q eu vou querer te comer umas 3 vezes todo dia só pela manha,http://twitter.com/4114532957/statuses/804035771267186688,TWITTER,42704,0,0,0,0,0,0,0,1092,484,3253,Neutral
67700177,TWEET FROM: NESCAU_GRT,NESCAU_GRT,RT @CSotam ABORTO SIM  para mulheres que sofreram  violência sexual.  #AbortoNão para pais irresponsáveis que acham que filho é um objeto descartável.,http://twitter.com/727249584339165185/statuses/804035130314649601,TWITTER,42704,0,0,0,0,0,0,0,43,49,1414,Neutral
67804585,TWEET FROM: CASCAVELLETTES,CASCAVELLETTES,"RT @cartamaior Entre outras proezas, Moro & Cia queriam legitimar a figura do alcagueta, rebatizada de 'reportante do bem', remunerado para ser dedo-duro",http://twitter.com/601665285/statuses/804035878972751876,TWITTER,42704,0,0,0,0,0,0,0,1427,851,59693,Neutral
67816011,TWEET FROM: LE_VENENOSA,LE_VENENOSA,"vontade de tomar o café da minha vó, acho que amanhã de manha (se eu acordar) vou ir ver ela",http://twitter.com/3568983861/statuses/804035884945440774,TWITTER,42704,0,0,0,0,0,0,0,61,61,2192,Neutral
67939822," “Sou candidatíssimo a deputado estadual”, diz José Augusto, após condenações",WLSINHO DO PARÁ," participação no Programa Rádio Debate, da Rádio Polo FM, na manhã desta quarta-feira (30), José Augusto falou sobre o caso. Ele acredita que provará inocência ao final do processo, que será levado para o Tribunal de Justiça de Pernambuco (TJPE). Caso não consiga reverter a decisão, o ex-prefeito poderá pagar 10...",http://www.blogwilsinhodopara.com/2016/11/sou-candidatissimo-deputado-estadual.html,Aggregator,42704,0,0,0,0,0,0,0,0,0,0,Neutral
68001642,Eu gostava mais quando você estava ao meu lado,CIDNEY SOUSA," saí andando e disse a mim mesmo ""eu estou te libertando"", com aquela esperança de que ele pudesse ouvir isso de algum lugar. Talvez eu deva passar um tempo sem vir aqui, porque, enquanto eu escrevia, era possível ouvir nós dois rindo, mas logo percebi que estava rindo sozinho. ""E talvez nós nos perdemos na...",http://modoaleatoriosite.wordpress.com/2016/11/30/eu-gostava-mais-quando-voce-estava-ao-meu-lado/,Wordpress,42704,0,0,0,0,0,0,0,0,0,0,Neutral
68017529,TWEET FROM: ASPLITTINGOFMCR,ASPLITTINGOFMCR,jfndkdjwneskwnsk @geesboatlotion https://t.co/NlY0o7WCYL,http://twitter.com/1327418390/statuses/804036038410825729,TWITTER,42704,0,0,0,0,0,0,0,897,1824,19696,Neutral
68019852,Quer saber a cor do sucesso? - TANGERINA,GIGI GUZZO," manhã que o sol te acorda com toda a sua energia! Que tal incrementar sua água, simples e natural, com lindos ingredientes! TIM, TIM! FALL, a belíssima estação no Hemisfério Norte, que encanta a cada paisagem. O nome laranja vem de narang, o nome da fruta em sânscrito, pois sabe-se que a maior parte dos frutos...",http://www.decorecomgigi.com/2016/11/quer-saber-cor-do-sucesso-tangerina.html,Generic Blogs,42704,0,0,0,0,0,0,0,0,0,0,Neutral
68020217,TWEET FROM: _SANTTYSDAY,_SANTTYSDAY,"RT @Godly_Life Jesus said to them, ""I am the bread of life; he who comes to Me will not hunger, and he who believes in Me will never thirst."" -John 6:3",http://twitter.com/794606162381602817/statuses/804036074783862784,TWITTER,42704,0,0,0,0,0,0,0,172,136,1035,Neutral
68057080,TWEET FROM: SHAYDASTRETAS,SHAYDASTRETAS,desejando cookie caseiro x-x,http://twitter.com/750554408/statuses/804036109026082817,TWITTER,42704,0,0,0,0,0,0,0,1785,2448,81932,Neutral
68062148,TWEET FROM: NIVIAREGINA,NIVIAREGINA,"RT @cartamaior Em nome do bem vindo combate à corrupção,partidarizaram o judiciário, destruíram a cadeia do petróleo e as empreiteiras e chantageiam o país https://t.co/QGjE8kaeGn",http://twitter.com/42361572/statuses/804036105683275776,TWITTER,42704,0,0,0,0,0,0,0,4727,3508,70674,Neutral
68184160,TWEET FROM: FIFTHGROUNDERS,FIFTHGROUNDERS,RT @portallovato “Eu tenho fãs que lidam com todos os tipos de doenças mentais então isso é muto importante para eles.” https://t.co/w2KPhguvax,http://twitter.com/131985875/statuses/804036206929575936,TWITTER,42704,0,0,0,0,0,0,0,3714,6399,391175,Neutral
68187317,TWEET FROM: TOTTARELLI,TOTTARELLI,Amanhã niver do Marmita fazer o textinho p ele kkk,http://twitter.com/3328229465/statuses/804036212268924935,TWITTER,42704,0,0,0,0,0,0,0,477,683,6435,Neutral
68232380,TWEET FROM: NIVIAREGINA,NIVIAREGINA,"RT @cartamaior Entre outras proezas, Moro & Cia queriam legitimar a figura do alcagueta, rebatizada de 'reportante do bem', remunerado para ser dedo-duro",http://twitter.com/42361572/statuses/804036265289142272,TWITTER,42704,0,0,0,0,0,0,0,4727,3508,70676,Neutral
68397370,TWEET FROM: LUIZJUSTINO2,LUIZJUSTINO2,"Quer dizer que agora Lula pode colocar o Moro na Cadeia? VERGONHOSO, agora é gente do BEM que vai para cadeia? https://t.co/ya5iqbJ1gm",http://twitter.com/1025488412/statuses/804036395971051526,TWITTER,42704,0,0,0,0,0,0,0,756,482,5773,Neutral
68473437,TWEET FROM: CRNCST,CRNCST,Testando receita de cookie de aveia e banana... Curiosa,http://twitter.com/2403263121/statuses/804036400786112512,TWITTER,42704,0,0,0,0,0,0,0,59,47,450,Neutral
68513915,TWEET FROM: GLAUCIOVILLAMOR,GLAUCIOVILLAMOR,Garante logo seu ingresso que na V.I.B.E. De NATAL Tem 5 HORAS de OPEN BAR ➕ DJS de SÃO PAULO ➕SERTANEJO ➕ CAFÉ DA MANHÃ ➕ OPEN FOOD https://t.co/A3S4AygniL,http://twitter.com/61590708/statuses/804036505022922752,TWITTER,42704,0,0,0,0,0,0,0,1752,701,1442,Neutral
68534511,TWEET FROM: QISSO_CAROOL,QISSO_CAROOL,"""tá se fazendo de alho pra ser socada"" ,"" se fazendo de Nescau pra tomar leite"" essa grt são sem limite pqp kkkkkkkkkk",http://twitter.com/3229483665/statuses/804036549440630784,TWITTER,42704,0,0,0,0,0,0,0,1635,2266,27713,Neutral
68539041,TWEET FROM: _JOAO_P3DRO,_JOAO_P3DRO,Esse biscoito da Nesfit de morango é vida,http://twitter.com/1466039370/statuses/804036537092636672,TWITTER,42704,0,0,0,0,0,0,0,82,138,8105,Neutral
68616900,4 coisas que dão aquela saudade da casa dos pais.,MIRELLA PESSOA,"Independência é bom, mas você já acordou com cheirinho de café da manhã vindo da cozinha? #saudades. A gente fala de morar sozinho, conquistar independência, montar a casinha do jeito que você queria, mas as vezes a bad bate e dá aquela saudadezinha da casa dos pais. No meu caso, da casa da avó, onde o mimo...",http://previdenciajovem.com.br/2016/11/30/4-coisas-que-dao-aquela-saudade-da-casa-dos-pais/,Wordpress,42704,0,0,0,0,0,0,0,0,0,0,Neutral
68639310,TWEET FROM: BELLEVOX,BELLEVOX,Vão renunciar? Que boa notícia!�� https://t.co/WCnO5Br34v,http://twitter.com/208880538/statuses/804036650011688960,TWITTER,42704,0,0,0,0,0,0,0,1731,1332,36856,Neutral
68754223,Tudo o que você precisa para parar de reclamar que tem que acordar cedo,MARCELA DE MINGO," acordar cedo muito mais fácil e prazeroso: Planeje mentalmente o seu dia Uma forma de se manter motivada ao acordar cedo é planejar o seu dia, na sua cabeça, logo que você acorda. Pense no que você precisa fazer e naquela coisa que vai te animar. Pode ser tomar um café da manhã gostoso, comer um cookie...",http://superela.com/como-acordar-cedo,Generic Blogs,42704,0,0,0,0,0,0,0,0,0,0,Neutral
68765504,TWEET FROM: GALIZAAR,GALIZAAR,"@MovAvanteBrasil @PandaRcds Precisando demais ,dessa energia do BEM, de vocês!",http://twitter.com/1546271816/statuses/804036821755822080,TWITTER,42704,0,0,0,0,0,0,0,122,427,14275,Neutral
68775684,TWEET FROM: THEREALBEADLWS,THEREALBEADLWS,pratINHO da querida q pede marmita pq a comida na escola é ruim https://t.co/eBJkbnuQSy,http://twitter.com/147365671/statuses/804036829955624961,TWITTER,42704,0,0,0,0,0,0,0,4512,4844,50302,Neutral
68859688,TWEET FROM: KAKABRAD,KAKABRAD,Kkkkkkk ta foda https://t.co/cx3V1iqIFO,http://twitter.com/3396587086/statuses/804036883332395013,TWITTER,42704,0,0,0,0,0,0,0,382,402,6904,Neutral
68923379,Triste Terça,," do almoço, tive acesso a uma televisão. Quis o destino cruel, 15 anos depois, que a tragédia fosse confirmada pela voz do mesmo locutor, na mesma estação, numa manhã cinzenta em Curitiba. Foi ao pisar no escritório que soube da morte, a princípio, de 76 pessoas. No final, foram 71. Entre elas: o elenco quase...",https://blogdocassio.wordpress.com/2016/11/30/triste-terca,Aggregator,42704,0,0,0,0,0,0,0,0,0,0,Neutral
68959699,TWEET FROM: VIVIH_VIIH123,VIVIH_VIIH123,RT @1psicopatafeliz p namorar cmg tem q saber q eu vou querer te comer umas 3 vezes todo dia só pela manha,http://twitter.com/3327585755/statuses/804037033471700992,TWITTER,42704,0,0,0,0,0,0,0,740,373,1628,Neutral
68984624,TWEET FROM: JUSTMYTRAVIS,JUSTMYTRAVIS,Agora quero um cookie,http://twitter.com/3158196245/statuses/804037063125434368,TWITTER,42704,0,0,0,0,0,0,0,2623,2338,23993,Neutral
69062288,TWEET FROM: CAROLINEBRITO0,CAROLINEBRITO0,"~ #oMundoPrecisaDeMais Deus, de mais Amor, de mais Gente do bem ... ���  #QuartaDetremuraSDV ❤",http://twitter.com/735185779/statuses/804037141042958336,TWITTER,42704,0,0,0,0,0,0,0,3571,2334,4157,Neutral
69089519,TWEET FROM: LISANDRAMOSQUER,LISANDRAMOSQUER,"RT @musicalizeis ��Arma na mão, refém no chão, Não é meu estilo. Marmita fria e o nome limpo é o que prefiro!...���Pacificadores",http://twitter.com/2460742286/statuses/804037136643137536,TWITTER,42704,0,0,0,0,0,0,0,934,1052,6151,Neutral
69140860,TWEET FROM: IVYSCHOI,IVYSCHOI,+1 https://t.co/c3YB9Q0yjy,http://twitter.com/345482596/statuses/804037224027324416,TWITTER,42704,0,0,0,0,0,0,0,362,683,147975,Neutral
69181572,Um restaurante bom para o seu cérebro.,O MEU MUNDO LOUCO,", tostas com abacate (com limão, azeite, sal marinho e sementes de chia) ou húmus. Aqueles que preferem doce vai ser tentado pelo ""Four-Berry Parfait"" (iogurte de leite de ovelha, granola, mistura de três bagas, açaí, romã). ...",http://omeumundolouko.blogspot.com/2016/11/um-restaurante-bom-para-o-seu-cerebro.html,Blogspot,42704,0,0,0,0,0,0,0,0,0,0,Neutral
69211087,Reply From: Nestlé  ,NESTLÉ,"Oi Jeane, obrigado pelo carinho! No momento não dispomos do Kit para envio, mas continue acompanhando nossa fanpage e fique por dentro de todas as novidades. Abraços.",http://www.facebook.com/permalink.php?story_fbid=990027391125278&id=207275136067178&comment_id=1016789395115744,Facebook Replies,42704,0,0,0,0,0,0,0,0,0,0,Neutral
69255497,TWEET FROM: NOMOREINHUMANS,NOMOREINHUMANS,RT @turbothot nobody talk to me in the morning until ive had a cup of vegan coffee  ���� https://t.co/WU4HVmsoRl,http://twitter.com/324506523/statuses/804037324057280512,TWITTER,42704,0,0,0,0,0,0,0,1066,950,187357,Neutral
69268965,TWEET FROM: EOQIRIS,EOQIRIS,mas não posso tomar Nescau,http://twitter.com/288742337/statuses/804037358651899911,TWITTER,42704,0,0,0,0,0,0,0,374,553,14585,Neutral
69312260,TWEET FROM: ANDRELUIZPINH12,ANDRELUIZPINH12,"RT @ManumJefferson Senhor, livrai-me de todo mal, proteja-me da inveja, guia-me pelos caminhos do bem e deixe todos meus dias repletos de alegria.",http://twitter.com/725989936483160064/statuses/804037387345129472,TWITTER,42704,0,0,0,0,0,0,0,80,65,3209,Neutral
69313045,TWEET FROM: RAYBADGAL,RAYBADGAL,Everyone at my job freaking out about this tornado so I just took my lunch break. �,http://twitter.com/3284479812/statuses/804037330747195397,TWITTER,42704,0,0,0,0,0,0,0,424,423,3520,Neutral
69432765,TWEET FROM: BR12RO,BR12RO,Contamos com os senadores do bem independente de Renan Calheiros para barrar essa lei d intimidação! https://t.co/ZatCkpvnRS,http://twitter.com/1857900396/statuses/804037488998223873,TWITTER,42704,0,0,0,0,0,0,0,1062,1268,107707,Neutral
69451370,TWEET FROM: SARAHCANAZZA,SARAHCANAZZA,Eu não preciso de nada man. Amo tomar leite com NESCAU,http://twitter.com/72164558/statuses/804037453858402305,TWITTER,42704,0,0,0,0,0,0,0,534,446,11839,Neutral
69459446,TWEET FROM: SAMIRA_LINS,SAMIRA_LINS,RT @thalita_reezend Quero fazer brigadeiro mais não tem Nescau ��,http://twitter.com/740020359676764161/statuses/804037484871110657,TWITTER,42704,0,0,0,0,0,0,0,150,159,1864,Neutral
69503587,TWEET FROM: _SABRIP,_SABRIP,Você percebe o quanto tá mal quando seus amigos te chamam pra beber as 10h da manhã...,http://twitter.com/882223130/statuses/804037559101820928,TWITTER,42704,0,0,0,0,0,0,0,424,478,7190,Neutral
69508874,TWEET FROM: MICHELIDASILVA1,MICHELIDASILVA1,RT @Divu_Pitombrina Que tal um desafio do bem? Vamos na penúltima foto da Sa! Deixar palavras de amor e muitos �� para ela! Sa não merece as palavras na foto! https://t.co/Ohw7s4rvun,http://twitter.com/439512315/statuses/804037562994200576,TWITTER,42704,0,0,0,0,0,0,0,401,408,30247,Neutral
69602088,TWEET FROM: DANIEL_BETTU,DANIEL_BETTU,"RT @cartamaior Em nome do bem vindo combate à corrupção,partidarizaram o judiciário, destruíram a cadeia do petróleo e as empreiteiras e chantageiam o país https://t.co/QGjE8kaeGn",http://twitter.com/70439607/statuses/804037628559577089,TWITTER,42704,0,0,0,0,0,0,0,210,126,4978,Neutral
69642920,TWEET FROM: MANDICSF,MANDICSF,"Pós treino uma banana, granola e canela. Deli",http://twitter.com/251634367/statuses/804037671790092288,TWITTER,42704,0,0,0,0,0,0,0,538,1086,59403,Neutral
69894841,TWEET FROM: NERYMARIACLARA,NERYMARIACLARA,"RT @Lucasmtri Praia, sol,  gente nova,  um copo de suco de manhã e uma companhia ao acordar",http://twitter.com/1219749362/statuses/804037919614894080,TWITTER,42704,0,0,0,0,0,0,0,624,639,9143,Neutral
70031291,TWEET FROM: BAKEOFREZENDE,BAKEOFREZENDE,RT @misspinguina como começar o dia bem:  pizza no café da manhã,http://twitter.com/2973981946/statuses/804038048770125825,TWITTER,42704,0,0,0,0,0,0,0,729,6168,63538,Neutral
70050199,TWEET FROM: PEDRITINHO,PEDRITINHO,"@maay_x @mari_svale Colombo é programinha gourmet, tem que levar pra tomar pingado com pão na chapa na central",http://twitter.com/70787151/statuses/804038097637933056,TWITTER,42704,0,0,0,0,0,0,0,156,361,49360,Neutral
70050948,TWEET FROM: MANUDELMUNDO,MANUDELMUNDO,"Acostumado com sucrilhos no prato, né, moleque? Enquanto o colarinho branco dá o golpe no Estado",http://twitter.com/221882109/statuses/804038098095063040,TWITTER,42704,0,0,0,0,0,0,0,372,719,49475,Neutral
70086723,TWEET FROM: NATALIALEITEF,NATALIALEITEF,"Jesus amado, to lascada. Já comia com muito açúcar, imagine menos... https://t.co/ePfnFMdFs6",http://twitter.com/120779842/statuses/804038085407363072,TWITTER,42704,0,0,0,0,0,0,0,173,95,352,Neutral
70233494,CONDOMÍNIO DE 500 REAIS É CARO,," isso requer conservação e manutenção. - Quantidade de empregados: o condomínio padrão deve ter seis empregados -três porteiros, um folguista, um zelador e um faxineiro. Isso representa uma despesa aproximada de 18 mil reais (incluindo encargos e benefícios), equivalente a quase metade das despesas total. Assim...",http://condominiojusto.blogspot.com/2016/11/condominio-de-500-reais-e-caro.html,Blogspot,42704,0,0,0,0,0,0,0,0,0,0,Neutral
70325194,TWEET FROM: MYKOOKS,MYKOOKS,pra mim qualquer cereal eh sucrilhos,http://twitter.com/68188894/statuses/804038341868011520,TWITTER,42704,0,0,0,0,0,0,0,0,0,34915,Neutral
70330346,Por Favor,ADRIELLETHEIMBACH," coisa continuou o dia inteiro, e todos ficaram a pensar o que estava errado com os dois meninos. Quando anoiteceu, ambos estavam muito cansados, e Duda estava tão aborrecido que a mãe os mandou mais cedo para cama. Mas na manhã seguinte, logo que se sentaram para o café da manhã, o “Por Favor” de Duda correu de...",http://dialogosdainfancia.wordpress.com/2016/11/30/por-favor/,Wordpress,42704,0,0,0,0,0,0,0,0,0,0,Neutral
70341166,TWEET FROM: _BARBARAANN,_BARBARAANN,"Acho que isso é resultado da abstinência de café e nescau, não estou sabendo lidar",http://twitter.com/356989424/statuses/804038311002009600,TWITTER,42704,0,0,0,0,0,0,0,192,242,25595,Neutral
70381083,"DALLAGNOL CLASSIFICA DECISÃO DA CÂMARA COMO ""O COMEÇO DO FIM DA LAVA JATO""",M.AMERICO," praticar caixa 2 em nome do candidato ou do partido, como tesoureiros de campanha ou das legendas; - Reduziu multa a partidos para de 5% a 20% do valor de repasse da cota do fundo partidário referente ao ano em que o ato lesivo ocorreu. MPF queria multa de 10% a 40%. - Em caso de agravante, pena de 2 a 5 anos...",http://lorotaspoliticaseverdades.blogspot.com/2016/11/dallagnol-classifica-decisao-da-camara.html,Aggregator,42704,0,0,0,0,0,0,0,0,0,0,Neutral
70399146,TWEET FROM: DEBORAMEDEIROSN,DEBORAMEDEIROSN,Duda doida pra tomar Nescau e não assume,http://twitter.com/3843604768/statuses/804038437129093129,TWITTER,42704,0,0,0,0,0,0,0,213,717,10973,Neutral
70456867,TWEET FROM: EEIMARIANA,EEIMARIANA,"comprei uma nesfit, coisa boa",http://twitter.com/525878434/statuses/804038471396577280,TWITTER,42704,0,0,0,0,0,0,0,852,1501,59216,Neutral
70631822,TWEET FROM: ISNOTONFXRE,ISNOTONFXRE,RT @AmazingPhil hi i'm phil and i'm a terrible flat mate who steals cereal and leaves kitchen cupboards open and i deserve to live to leave in great shame �,http://twitter.com/2450012730/statuses/804038666951806976,TWITTER,42704,0,0,0,0,0,0,0,429,2391,27246,Neutral
70633713,TWEET FROM: LOURDESFLINTZ,LOURDESFLINTZ,"RT @jcarloscruz7 este é um pais do bem , e vamos provar VetaOuVaza #04DezVemPraRua https://t.co/1AkL22RPps",http://twitter.com/1246183014/statuses/804038674136629250,TWITTER,42704,0,0,0,0,0,0,0,1699,10724,122037,Neutral
70662186,Panqueca de aveia light com peito de peru e vegetais,MÉTODO DE EMAGRECIMENTO FÁCIL,Panqueca de aveia light com peito de peru e vegetais (Imagem meramente ilustrativa) Ingredientes: Massa: 1 ovo; 1 colher de sopa de farelo de aveia; 1 colher de chá de iogurte natural desnatado. Recheio: 2 fatias de peito de peru; Meio tomate; Folha de alface ou rúcula. Modo de preparo: Massa: Misture todos...,http://www.metododeemagrecimentofacil.blog.br/2016/11/panqueca-de-aveia-light-com-peito-de.html,Generic Blogs,42704,0,0,0,0,0,0,0,0,0,0,Neutral
70686026,Nestlé afirma que reduzirá até 40% do açúcar em produtos a partir de 2018,,"30/11/2016 16h49 - Atualizado em 30/11/2016 16h49 Nestlé afirma que reduzirá até 40% do açúcar em produtos a partir de 2018 Decisão ocorre em meio à pressão por uso de ingredientes mais saudáveis. No Brasil, 79 produtos tiveram alguma melhoria nutricional em 2015. Do G1 em São Paulo A Nestlé comunicou nesta...",http://g1.globo.com/economia/negocios/noticia/2016/11/nestle-afirma-que-reduzira-ate-40-do-acucar-em-produtos-partir-de-2018.html,Mainstream Media,42704,0,0,0,0,0,0,0,0,0,0,Neutral
70820476,Presidente do Senado diz que pacote original só seria defensável no fascismo,WANDERLEY LIBERATO," de prova ilícita, isso tudo é defensável no fascismo, mas no estado democrático de direito, por favor, não. Mas Renan disse que não há pressa para votar o pacote. Ele disse que ele terá o ""tratamento regimental"" e que vai passar por comissões e debates. Para ele, o Senado votou, em 2013, o fundamental do...",http://blogdoliberato.blogspot.com/2016/11/presidente-do-senado-diz-que-pacote.html,Aggregator,42704,0,0,0,0,0,0,0,0,0,0,Neutral
70887168,TWEET FROM: LET_LARRY,LET_LARRY,"@vitoriacocolich acidente eu digo, transou sem camisinha, n pensou em se proteger na hora do bem bom. Vc acha certo tirar a vida de alguém?",http://twitter.com/2679786756/statuses/804038920057061379,TWITTER,42704,0,0,0,0,0,0,0,1599,1191,15069,Neutral
70988785,RENAN SEM MEDO DE TORTURAR A VERDADE,SILVAN MAGALHÃES,"Renan Calheiros sobre a sem-vergonhice perpetrada pela Câmara na votação das Dez Medidas, em O Globo: ""O texto não poderia ter outro tratamento senão o que teve, porque é muito difícil conjugar o Estado Democrático de Direito com aquelas medidas (originais)... No Estado de exceção, você pode propor teste de i...",http://anoticiaeosfatos.com.br/2016/11/30/renan-sem-medo-de-torturar-a-verdade/,Wordpress,42704,0,0,0,0,0,0,0,0,0,0,Neutral
71001552,A outra tragédia do Brasil,," foi derrubada. A maior dificuldade para prescrição dos crimes, derrubada. A figura do delator do bem, que recebe prêmio por denunciar crimes dos quais não participa, derrubada. Ficou a criminalização do Caixa Dois. Nessa, como prometido por Maia, Renan e Temer domingo, não mexeram. Atacou-se o resto. Ao final...",https://anisionogueira.wordpress.com/2016/11/30/a-outra-tragedia-do-brasil,Aggregator,42704,0,0,0,0,0,0,0,0,0,0,Neutral
71001562,Fora Sartori!,," realização do bem comum;” Pelo que entendi, fazer greve e protestar é essencial quando é sua carreira, sua vida e o bem-estar social que é colocado em risco. E mamãe voltando amanhã pro seu trabalho não, ou pouco, ou parcialmente remunerado amanhã. Pelo menos enquanto a FEPPS existe, né. Há anos a Fundação é...",https://anisionogueira.wordpress.com/2016/11/30/fora-sartori,Aggregator,42704,0,0,0,0,0,0,0,0,0,0,Neutral
71001563,Eu me vejo em minhas criações,,"Cereal & Gardenal Eu sempre quis saber quem eu realmente era, penso ser uma das grandes perguntas da vida: quem somos? Uma busca quase sempre infrutífera pois sempre eu vejo parte , fragmentos, como imagens refletidas em um pedaço de espelho. Embora conheça partes em mim , outras partes são como um mar...",https://anisionogueira.wordpress.com/2016/11/30/eu-me-vejo-em-minhas-criacoes,Aggregator,42704,0,0,0,0,0,0,0,0,0,0,Neutral
71067163,TWEET FROM: LAURECOHN,LAURECOHN,@cisvilwarr vc prefere nescau ou toddy?,http://twitter.com/516799774/statuses/804039113963929606,TWITTER,42704,0,0,0,0,0,0,0,667,7151,386558,Neutral
71084407,"Câmara sinalizou o começo do fim da Lava Jato, adverte Deltan Dallagnol",,", pena de 2 a 5 anos para caixa 2 será elevada em um terço, e não mais dobrada, como previsto. Venda de voto: Tornou mais explícito que o eleitor que vender o voto também será responsabilizado, com pena de um a quatro anos Reportante do bem: Criou a figura do reportante: figura cuja denúncia a órgãos da Justiça...",http://jovempan.uol.com.br/noticias/brasil/politica/camara-sinalizou-o-comeco-do-fim-da-lava-jato-adverte-deltan-dallagnol.html,Mainstream Media,42704,0,0,0,0,0,0,0,0,0,0,Neutral
71100003,TWEET FROM: PIA_FRONTEND,PIA_FRONTEND,BREAKFAST - Flip-Disc Display System https://t.co/gGAjW4uXEx via @YouTube,http://twitter.com/120261365/statuses/804039151540727808,TWITTER,42704,0,0,0,0,0,0,0,249,372,11569,Neutral
71191341,TWEET FROM: LERDA11,LERDA11,"RT @uelucas__ n aguento mais responsabilidades, só queria ver desenho e comer um sucrilhos",http://twitter.com/4055862839/statuses/804039058452254720,TWITTER,42704,0,0,0,0,0,0,0,800,1176,34724,Neutral
71211290,"Morre Michael Delligatti, o criador do Big Mac",PATRICK CRUZ," está presente em mais de 100 países. Delligatti também exerceu papel importante no desenvolvimento do cardápio da rede ao criar o Hotcake and Sausage, prato servido pelo McDonald's no café da manhã em várias partes do mundo. Ele chegou a administrar 47 restaurantes da empresa. O impacto econômico do Big Mac não...",http://veja.abril.com.br/economia/morre-michael-delligatti-o-criador-do-big-mac,Wordpress,42704,0,0,0,0,0,0,0,0,0,0,Neutral
71215818,TWEET FROM: MENTEINCIPIENTE,MENTEINCIPIENTE,Vou ficar louca de nescau zero lactose amor da minha vida sepá,http://twitter.com/794566425780293632/statuses/804039241470771201,TWITTER,42704,0,0,0,0,0,0,0,26,37,1906,Neutral
71271000,TWEET FROM: LOVES_BLUESKY,LOVES_BLUESKY,"comprei o cookie da toddy, mó bom mas é muito doce, vo levar pra comer o resto na aula hj, to nem vendo",http://twitter.com/140621604/statuses/804039299150872576,TWITTER,42704,0,0,0,0,0,0,0,1154,282,33795,Neutral
71288233,TWEET FROM: SURVIVALDJH,SURVIVALDJH,RT @AmazingPhil hi i'm phil and i'm a terrible flat mate who steals cereal and leaves kitchen cupboards open and i deserve to live to leave in great shame �,http://twitter.com/2241987797/statuses/804039314636152832,TWITTER,42704,0,0,0,0,0,0,0,201,5596,47915,Neutral
71297399,TWEET FROM: ISSTYLESGOD,ISSTYLESGOD,@hesrosie hoje era 5h da manha e eu no onibus praticamente suando de vontade de comer batata frita ate me perguntei se nao to gravida,http://twitter.com/505113856/statuses/804039333825150980,TWITTER,42704,0,0,0,0,0,0,0,981,1688,84309,Neutral
71302921,TWEET FROM: LOOIRANAAVE,LOOIRANAAVE,"- comprei uma bolacha ali, comi, dps um pastel de camarão, esquentei minha marmita e por ultimo um pão de mel �",http://twitter.com/237782431/statuses/804039254900871168,TWITTER,42704,0,0,0,0,0,0,0,787,2048,78515,Neutral
71331387,TWEET FROM: BABILOMBRA,BABILOMBRA,Nada me deixa mais triste do que abrir a geladeira e não ter nescau prontinho,http://twitter.com/82164887/statuses/804039258659049472,TWITTER,42704,0,0,0,0,0,0,0,312,335,18032,Neutral
