driver,pBrand,pCategory,pDescr,pImgSrc,pModel,pTitle,pURL,pid,price,rDate,rRating,rText,rTitle,rURL,rUser,sentiConfi,sentiment,siteCode,trigger
 ,Coleman,cooler,"Product Description
Keep your food and drinks cold, and keep the fun going, for up to 3 days when you bring a Coleman 48 Quart Performance Cooler. Large enough to hold 63 cans and tall enough to hold 2-liter bottles upright, you'll have plenty of space for refreshments for a whole group of people. Whether you're headed on an overnight camping trip, to a tailgate party, or out to a BBQ, the 2-way handles make getting to your destination easy. When the fun is done, the leak-resistant drain makes it easy to empty any excess water, so you're ready for your next fun adventure.

Amazon.com
The Coleman 48-Quart Chest Cooler combines the easy-to-carry convenience of two-way handles with the rugged durability of a hard plastic exterior and hinged lid, making it the perfect cooler for afternoons on the beach or on the game field. This innovative cooler is constructed with Thermozone insulation to keep food and beverages fresh and cold. This American-made cooler also features a rust-proof, leak-proof drain for easy emptying and cleaning, and it has the capacity to hold up to 63 12-ounce cans.

About Coleman
The Coleman Company has been creating and innovating products for recreational outdoor use since W.C. Coleman started selling gasoline-powered lanterns in 1900. Inventor of the hugely popular fold-up camp stove, Coleman developed a plastic liner for his galvanized steel coolers in 1957--the birth of the modern cooler--and the company has been improving their utility and design ever since. The array of products that bear the Coleman name now includes just about everything you might need to work or play outdoors, from tents and sleeping bags to boats, backpacks, and furniture.",https://images-na.ssl-images-amazon.com/images/I/71iq2lB8jJL._SY355_.jpg,B0000DH4LT,"Coleman 48-Quart Cooler, Blue",https://www.amazon.com/Coleman-Quart-Performance-Cooler-Holds/dp/B0000DH4LT/ref=sr_1_3?ie=UTF8&qid=1495196176&sr=8-3&keywords=cooler,cooler_Coleman_B0000DH4LT,$26.48,2017-05-17 00:00:00,5.0,"I have repurposed it to use as a tub to wash my clothes in. Because of the spigot on the side, I don't have to lift the tub to drain the water between the wash and the rince cycle. Who knows, someday I might actually need to use it as the cooler it was intended to be.",Repurposed as a washtub...,https://www.amazon.com/Coleman-Quart-Performance-Cooler-Holds/product-reviews/B0000DH4LT/ref=cm_cr_dp_see_all_btm?ie=UTF8&reviewerType=all_reviews&showViewpoints=1&sortBy=recent&pageNumber=1,Jo S., , ,AM, 
 ,Coleman,cooler,"Product Description
Keep your food and drinks cold, and keep the fun going, for up to 3 days when you bring a Coleman 48 Quart Performance Cooler. Large enough to hold 63 cans and tall enough to hold 2-liter bottles upright, you'll have plenty of space for refreshments for a whole group of people. Whether you're headed on an overnight camping trip, to a tailgate party, or out to a BBQ, the 2-way handles make getting to your destination easy. When the fun is done, the leak-resistant drain makes it easy to empty any excess water, so you're ready for your next fun adventure.

Amazon.com
The Coleman 48-Quart Chest Cooler combines the easy-to-carry convenience of two-way handles with the rugged durability of a hard plastic exterior and hinged lid, making it the perfect cooler for afternoons on the beach or on the game field. This innovative cooler is constructed with Thermozone insulation to keep food and beverages fresh and cold. This American-made cooler also features a rust-proof, leak-proof drain for easy emptying and cleaning, and it has the capacity to hold up to 63 12-ounce cans.

About Coleman
The Coleman Company has been creating and innovating products for recreational outdoor use since W.C. Coleman started selling gasoline-powered lanterns in 1900. Inventor of the hugely popular fold-up camp stove, Coleman developed a plastic liner for his galvanized steel coolers in 1957--the birth of the modern cooler--and the company has been improving their utility and design ever since. The array of products that bear the Coleman name now includes just about everything you might need to work or play outdoors, from tents and sleeping bags to boats, backpacks, and furniture.",https://images-na.ssl-images-amazon.com/images/I/71iq2lB8jJL._SY355_.jpg,B0000DH4LT,"Coleman 48-Quart Cooler, Blue",https://www.amazon.com/Coleman-Quart-Performance-Cooler-Holds/dp/B0000DH4LT/ref=sr_1_3?ie=UTF8&qid=1495196176&sr=8-3&keywords=cooler,cooler_Coleman_B0000DH4LT,$26.48,2017-05-05 00:00:00,5.0,"With summer time coming up,i strongly recommend this product!!! It work's beautifully at outing's and cook out's!!! And although that's sounds extremely topical,never the less it's very handy!!! So until then,peace and much respect!!!",i strongly recommend this product,https://www.amazon.com/Coleman-Quart-Performance-Cooler-Holds/product-reviews/B0000DH4LT/ref=cm_cr_dp_see_all_btm?ie=UTF8&reviewerType=all_reviews&showViewpoints=1&sortBy=recent&pageNumber=1,jimeil e mcalister, , ,AM, 
 ,Coleman,cooler,"Product Description
Keep your food and drinks cold, and keep the fun going, for up to 3 days when you bring a Coleman 48 Quart Performance Cooler. Large enough to hold 63 cans and tall enough to hold 2-liter bottles upright, you'll have plenty of space for refreshments for a whole group of people. Whether you're headed on an overnight camping trip, to a tailgate party, or out to a BBQ, the 2-way handles make getting to your destination easy. When the fun is done, the leak-resistant drain makes it easy to empty any excess water, so you're ready for your next fun adventure.

Amazon.com
The Coleman 48-Quart Chest Cooler combines the easy-to-carry convenience of two-way handles with the rugged durability of a hard plastic exterior and hinged lid, making it the perfect cooler for afternoons on the beach or on the game field. This innovative cooler is constructed with Thermozone insulation to keep food and beverages fresh and cold. This American-made cooler also features a rust-proof, leak-proof drain for easy emptying and cleaning, and it has the capacity to hold up to 63 12-ounce cans.

About Coleman
The Coleman Company has been creating and innovating products for recreational outdoor use since W.C. Coleman started selling gasoline-powered lanterns in 1900. Inventor of the hugely popular fold-up camp stove, Coleman developed a plastic liner for his galvanized steel coolers in 1957--the birth of the modern cooler--and the company has been improving their utility and design ever since. The array of products that bear the Coleman name now includes just about everything you might need to work or play outdoors, from tents and sleeping bags to boats, backpacks, and furniture.",https://images-na.ssl-images-amazon.com/images/I/71iq2lB8jJL._SY355_.jpg,B0000DH4LT,"Coleman 48-Quart Cooler, Blue",https://www.amazon.com/Coleman-Quart-Performance-Cooler-Holds/dp/B0000DH4LT/ref=sr_1_3?ie=UTF8&qid=1495196176&sr=8-3&keywords=cooler,cooler_Coleman_B0000DH4LT,$26.48,2017-05-04 00:00:00,4.0,Great but it would work better if the top was removable instead of hinged.,Four Stars,https://www.amazon.com/Coleman-Quart-Performance-Cooler-Holds/product-reviews/B0000DH4LT/ref=cm_cr_dp_see_all_btm?ie=UTF8&reviewerType=all_reviews&showViewpoints=1&sortBy=recent&pageNumber=1,Mary G., , ,AM, 
 ,Coleman,cooler,"Product Description
Keep your food and drinks cold, and keep the fun going, for up to 3 days when you bring a Coleman 48 Quart Performance Cooler. Large enough to hold 63 cans and tall enough to hold 2-liter bottles upright, you'll have plenty of space for refreshments for a whole group of people. Whether you're headed on an overnight camping trip, to a tailgate party, or out to a BBQ, the 2-way handles make getting to your destination easy. When the fun is done, the leak-resistant drain makes it easy to empty any excess water, so you're ready for your next fun adventure.

Amazon.com
The Coleman 48-Quart Chest Cooler combines the easy-to-carry convenience of two-way handles with the rugged durability of a hard plastic exterior and hinged lid, making it the perfect cooler for afternoons on the beach or on the game field. This innovative cooler is constructed with Thermozone insulation to keep food and beverages fresh and cold. This American-made cooler also features a rust-proof, leak-proof drain for easy emptying and cleaning, and it has the capacity to hold up to 63 12-ounce cans.

About Coleman
The Coleman Company has been creating and innovating products for recreational outdoor use since W.C. Coleman started selling gasoline-powered lanterns in 1900. Inventor of the hugely popular fold-up camp stove, Coleman developed a plastic liner for his galvanized steel coolers in 1957--the birth of the modern cooler--and the company has been improving their utility and design ever since. The array of products that bear the Coleman name now includes just about everything you might need to work or play outdoors, from tents and sleeping bags to boats, backpacks, and furniture.",https://images-na.ssl-images-amazon.com/images/I/71iq2lB8jJL._SY355_.jpg,B0000DH4LT,"Coleman 48-Quart Cooler, Blue",https://www.amazon.com/Coleman-Quart-Performance-Cooler-Holds/dp/B0000DH4LT/ref=sr_1_3?ie=UTF8&qid=1495196176&sr=8-3&keywords=cooler,cooler_Coleman_B0000DH4LT,$26.48,2017-05-04 00:00:00,4.0,It is description as the title.,Four Stars,https://www.amazon.com/Coleman-Quart-Performance-Cooler-Holds/product-reviews/B0000DH4LT/ref=cm_cr_dp_see_all_btm?ie=UTF8&reviewerType=all_reviews&showViewpoints=1&sortBy=recent&pageNumber=1,JaniceL, , ,AM, 
 ,Coleman,cooler,"Product Description
Keep your food and drinks cold, and keep the fun going, for up to 3 days when you bring a Coleman 48 Quart Performance Cooler. Large enough to hold 63 cans and tall enough to hold 2-liter bottles upright, you'll have plenty of space for refreshments for a whole group of people. Whether you're headed on an overnight camping trip, to a tailgate party, or out to a BBQ, the 2-way handles make getting to your destination easy. When the fun is done, the leak-resistant drain makes it easy to empty any excess water, so you're ready for your next fun adventure.

Amazon.com
The Coleman 48-Quart Chest Cooler combines the easy-to-carry convenience of two-way handles with the rugged durability of a hard plastic exterior and hinged lid, making it the perfect cooler for afternoons on the beach or on the game field. This innovative cooler is constructed with Thermozone insulation to keep food and beverages fresh and cold. This American-made cooler also features a rust-proof, leak-proof drain for easy emptying and cleaning, and it has the capacity to hold up to 63 12-ounce cans.

About Coleman
The Coleman Company has been creating and innovating products for recreational outdoor use since W.C. Coleman started selling gasoline-powered lanterns in 1900. Inventor of the hugely popular fold-up camp stove, Coleman developed a plastic liner for his galvanized steel coolers in 1957--the birth of the modern cooler--and the company has been improving their utility and design ever since. The array of products that bear the Coleman name now includes just about everything you might need to work or play outdoors, from tents and sleeping bags to boats, backpacks, and furniture.",https://images-na.ssl-images-amazon.com/images/I/71iq2lB8jJL._SY355_.jpg,B0000DH4LT,"Coleman 48-Quart Cooler, Blue",https://www.amazon.com/Coleman-Quart-Performance-Cooler-Holds/dp/B0000DH4LT/ref=sr_1_3?ie=UTF8&qid=1495196176&sr=8-3&keywords=cooler,cooler_Coleman_B0000DH4LT,$26.48,2017-05-03 00:00:00,1.0,ITS CRAP!!!!!!!,One Star,https://www.amazon.com/Coleman-Quart-Performance-Cooler-Holds/product-reviews/B0000DH4LT/ref=cm_cr_dp_see_all_btm?ie=UTF8&reviewerType=all_reviews&showViewpoints=1&sortBy=recent&pageNumber=1,LLOYD H FERBER, , ,AM, 
 ,Coleman,cooler,"Product Description
Keep your food and drinks cold, and keep the fun going, for up to 3 days when you bring a Coleman 48 Quart Performance Cooler. Large enough to hold 63 cans and tall enough to hold 2-liter bottles upright, you'll have plenty of space for refreshments for a whole group of people. Whether you're headed on an overnight camping trip, to a tailgate party, or out to a BBQ, the 2-way handles make getting to your destination easy. When the fun is done, the leak-resistant drain makes it easy to empty any excess water, so you're ready for your next fun adventure.

Amazon.com
The Coleman 48-Quart Chest Cooler combines the easy-to-carry convenience of two-way handles with the rugged durability of a hard plastic exterior and hinged lid, making it the perfect cooler for afternoons on the beach or on the game field. This innovative cooler is constructed with Thermozone insulation to keep food and beverages fresh and cold. This American-made cooler also features a rust-proof, leak-proof drain for easy emptying and cleaning, and it has the capacity to hold up to 63 12-ounce cans.

About Coleman
The Coleman Company has been creating and innovating products for recreational outdoor use since W.C. Coleman started selling gasoline-powered lanterns in 1900. Inventor of the hugely popular fold-up camp stove, Coleman developed a plastic liner for his galvanized steel coolers in 1957--the birth of the modern cooler--and the company has been improving their utility and design ever since. The array of products that bear the Coleman name now includes just about everything you might need to work or play outdoors, from tents and sleeping bags to boats, backpacks, and furniture.",https://images-na.ssl-images-amazon.com/images/I/71iq2lB8jJL._SY355_.jpg,B0000DH4LT,"Coleman 48-Quart Cooler, Blue",https://www.amazon.com/Coleman-Quart-Performance-Cooler-Holds/dp/B0000DH4LT/ref=sr_1_3?ie=UTF8&qid=1495196176&sr=8-3&keywords=cooler,cooler_Coleman_B0000DH4LT,$26.48,2017-05-02 00:00:00,3.0,too big for what I bought it for,Three Stars,https://www.amazon.com/Coleman-Quart-Performance-Cooler-Holds/product-reviews/B0000DH4LT/ref=cm_cr_dp_see_all_btm?ie=UTF8&reviewerType=all_reviews&showViewpoints=1&sortBy=recent&pageNumber=1,PRI Vate, , ,AM, 
 ,Coleman,cooler,"Product Description
Keep your food and drinks cold, and keep the fun going, for up to 3 days when you bring a Coleman 48 Quart Performance Cooler. Large enough to hold 63 cans and tall enough to hold 2-liter bottles upright, you'll have plenty of space for refreshments for a whole group of people. Whether you're headed on an overnight camping trip, to a tailgate party, or out to a BBQ, the 2-way handles make getting to your destination easy. When the fun is done, the leak-resistant drain makes it easy to empty any excess water, so you're ready for your next fun adventure.

Amazon.com
The Coleman 48-Quart Chest Cooler combines the easy-to-carry convenience of two-way handles with the rugged durability of a hard plastic exterior and hinged lid, making it the perfect cooler for afternoons on the beach or on the game field. This innovative cooler is constructed with Thermozone insulation to keep food and beverages fresh and cold. This American-made cooler also features a rust-proof, leak-proof drain for easy emptying and cleaning, and it has the capacity to hold up to 63 12-ounce cans.

About Coleman
The Coleman Company has been creating and innovating products for recreational outdoor use since W.C. Coleman started selling gasoline-powered lanterns in 1900. Inventor of the hugely popular fold-up camp stove, Coleman developed a plastic liner for his galvanized steel coolers in 1957--the birth of the modern cooler--and the company has been improving their utility and design ever since. The array of products that bear the Coleman name now includes just about everything you might need to work or play outdoors, from tents and sleeping bags to boats, backpacks, and furniture.",https://images-na.ssl-images-amazon.com/images/I/71iq2lB8jJL._SY355_.jpg,B0000DH4LT,"Coleman 48-Quart Cooler, Blue",https://www.amazon.com/Coleman-Quart-Performance-Cooler-Holds/dp/B0000DH4LT/ref=sr_1_3?ie=UTF8&qid=1495196176&sr=8-3&keywords=cooler,cooler_Coleman_B0000DH4LT,$26.48,2017-05-01 00:00:00,3.0,Handle broke the first time I used it.,Three Stars,https://www.amazon.com/Coleman-Quart-Performance-Cooler-Holds/product-reviews/B0000DH4LT/ref=cm_cr_dp_see_all_btm?ie=UTF8&reviewerType=all_reviews&showViewpoints=1&sortBy=recent&pageNumber=1,Johana Perez, , ,AM, 
 ,Coleman,cooler,"Product Description
Keep your food and drinks cold, and keep the fun going, for up to 3 days when you bring a Coleman 48 Quart Performance Cooler. Large enough to hold 63 cans and tall enough to hold 2-liter bottles upright, you'll have plenty of space for refreshments for a whole group of people. Whether you're headed on an overnight camping trip, to a tailgate party, or out to a BBQ, the 2-way handles make getting to your destination easy. When the fun is done, the leak-resistant drain makes it easy to empty any excess water, so you're ready for your next fun adventure.

Amazon.com
The Coleman 48-Quart Chest Cooler combines the easy-to-carry convenience of two-way handles with the rugged durability of a hard plastic exterior and hinged lid, making it the perfect cooler for afternoons on the beach or on the game field. This innovative cooler is constructed with Thermozone insulation to keep food and beverages fresh and cold. This American-made cooler also features a rust-proof, leak-proof drain for easy emptying and cleaning, and it has the capacity to hold up to 63 12-ounce cans.

About Coleman
The Coleman Company has been creating and innovating products for recreational outdoor use since W.C. Coleman started selling gasoline-powered lanterns in 1900. Inventor of the hugely popular fold-up camp stove, Coleman developed a plastic liner for his galvanized steel coolers in 1957--the birth of the modern cooler--and the company has been improving their utility and design ever since. The array of products that bear the Coleman name now includes just about everything you might need to work or play outdoors, from tents and sleeping bags to boats, backpacks, and furniture.",https://images-na.ssl-images-amazon.com/images/I/71iq2lB8jJL._SY355_.jpg,B0000DH4LT,"Coleman 48-Quart Cooler, Blue",https://www.amazon.com/Coleman-Quart-Performance-Cooler-Holds/dp/B0000DH4LT/ref=sr_1_3?ie=UTF8&qid=1495196176&sr=8-3&keywords=cooler,cooler_Coleman_B0000DH4LT,$26.48,2017-04-30 00:00:00,4.0,"Works well for a good price. The lid wont stay open or id give it 5 stars.

Using it as a mushtun for my hobo style home brewing setup. Yay beer!","Lid wont stay open, good price.",https://www.amazon.com/Coleman-Quart-Performance-Cooler-Holds/product-reviews/B0000DH4LT/ref=cm_cr_dp_see_all_btm?ie=UTF8&reviewerType=all_reviews&showViewpoints=1&sortBy=recent&pageNumber=1,S. Travis, , ,AM, 
 ,Coleman,cooler,"Product Description
Keep your food and drinks cold, and keep the fun going, for up to 3 days when you bring a Coleman 48 Quart Performance Cooler. Large enough to hold 63 cans and tall enough to hold 2-liter bottles upright, you'll have plenty of space for refreshments for a whole group of people. Whether you're headed on an overnight camping trip, to a tailgate party, or out to a BBQ, the 2-way handles make getting to your destination easy. When the fun is done, the leak-resistant drain makes it easy to empty any excess water, so you're ready for your next fun adventure.

Amazon.com
The Coleman 48-Quart Chest Cooler combines the easy-to-carry convenience of two-way handles with the rugged durability of a hard plastic exterior and hinged lid, making it the perfect cooler for afternoons on the beach or on the game field. This innovative cooler is constructed with Thermozone insulation to keep food and beverages fresh and cold. This American-made cooler also features a rust-proof, leak-proof drain for easy emptying and cleaning, and it has the capacity to hold up to 63 12-ounce cans.

About Coleman
The Coleman Company has been creating and innovating products for recreational outdoor use since W.C. Coleman started selling gasoline-powered lanterns in 1900. Inventor of the hugely popular fold-up camp stove, Coleman developed a plastic liner for his galvanized steel coolers in 1957--the birth of the modern cooler--and the company has been improving their utility and design ever since. The array of products that bear the Coleman name now includes just about everything you might need to work or play outdoors, from tents and sleeping bags to boats, backpacks, and furniture.",https://images-na.ssl-images-amazon.com/images/I/71iq2lB8jJL._SY355_.jpg,B0000DH4LT,"Coleman 48-Quart Cooler, Blue",https://www.amazon.com/Coleman-Quart-Performance-Cooler-Holds/dp/B0000DH4LT/ref=sr_1_3?ie=UTF8&qid=1495196176&sr=8-3&keywords=cooler,cooler_Coleman_B0000DH4LT,$26.48,2017-04-24 00:00:00,5.0,Good cooler for the $,Good cooler for the $,https://www.amazon.com/Coleman-Quart-Performance-Cooler-Holds/product-reviews/B0000DH4LT/ref=cm_cr_dp_see_all_btm?ie=UTF8&reviewerType=all_reviews&showViewpoints=1&sortBy=recent&pageNumber=1,Tommy, , ,AM, 
 ,Coleman,cooler,"Product Description
Keep your food and drinks cold, and keep the fun going, for up to 3 days when you bring a Coleman 48 Quart Performance Cooler. Large enough to hold 63 cans and tall enough to hold 2-liter bottles upright, you'll have plenty of space for refreshments for a whole group of people. Whether you're headed on an overnight camping trip, to a tailgate party, or out to a BBQ, the 2-way handles make getting to your destination easy. When the fun is done, the leak-resistant drain makes it easy to empty any excess water, so you're ready for your next fun adventure.

Amazon.com
The Coleman 48-Quart Chest Cooler combines the easy-to-carry convenience of two-way handles with the rugged durability of a hard plastic exterior and hinged lid, making it the perfect cooler for afternoons on the beach or on the game field. This innovative cooler is constructed with Thermozone insulation to keep food and beverages fresh and cold. This American-made cooler also features a rust-proof, leak-proof drain for easy emptying and cleaning, and it has the capacity to hold up to 63 12-ounce cans.

About Coleman
The Coleman Company has been creating and innovating products for recreational outdoor use since W.C. Coleman started selling gasoline-powered lanterns in 1900. Inventor of the hugely popular fold-up camp stove, Coleman developed a plastic liner for his galvanized steel coolers in 1957--the birth of the modern cooler--and the company has been improving their utility and design ever since. The array of products that bear the Coleman name now includes just about everything you might need to work or play outdoors, from tents and sleeping bags to boats, backpacks, and furniture.",https://images-na.ssl-images-amazon.com/images/I/71iq2lB8jJL._SY355_.jpg,B0000DH4LT,"Coleman 48-Quart Cooler, Blue",https://www.amazon.com/Coleman-Quart-Performance-Cooler-Holds/dp/B0000DH4LT/ref=sr_1_3?ie=UTF8&qid=1495196176&sr=8-3&keywords=cooler,cooler_Coleman_B0000DH4LT,$26.48,2017-04-22 00:00:00,5.0,Really great price,Five Stars,https://www.amazon.com/Coleman-Quart-Performance-Cooler-Holds/product-reviews/B0000DH4LT/ref=cm_cr_dp_see_all_btm?ie=UTF8&reviewerType=all_reviews&showViewpoints=1&sortBy=recent&pageNumber=1,Darrell Craine, , ,AM, 
 ,Coleman,cooler,"The Coleman 16-Can Soft Cooler goes with you to picnics, BBQs, camping, sporting events, tailgates and beyond. It holds 16 cans inside, and features plenty of extra storage space in its front zippered pocket, side mesh pockets, and mesh pocket in the lid. There are even bungees on the lid for stowing more extras! Sporting an adjustable shoulder strap, the cooler is soft on the outside for comfortable carrying, and has a hard plastic liner inside to protect your food from being crushed. The liner material is FDA approved for food contact, and is removable for easy cleaning. The Soft Cooler provides antimicrobial protection, to resist odors, mold, and mildew.",https://images-na.ssl-images-amazon.com/images/I/51h4B3pZVuL._SX355_.jpg,B006HFBX12,Coleman 16-Can Soft Cooler With Hard Liner,https://www.amazon.com/Coleman-16-Can-Cooler-Red/dp/B006HFBX12/ref=sr_1_4?ie=UTF8&qid=1495196176&sr=8-4&keywords=cooler,cooler_Coleman_B006HFBX12,$13.62,2017-05-17 00:00:00,2.0,"Double zipper only lasted a couple months, and I fight it constantly.",Two Stars,https://www.amazon.com/Coleman-16-Can-Cooler-Red/product-reviews/B006HFBX12/ref=cm_cr_dp_see_all_btm?ie=UTF8&reviewerType=all_reviews&showViewpoints=1&sortBy=recent&pageNumber=1,Lucky L. Knesal, , ,AM, 
 ,Coleman,cooler,"The Coleman 16-Can Soft Cooler goes with you to picnics, BBQs, camping, sporting events, tailgates and beyond. It holds 16 cans inside, and features plenty of extra storage space in its front zippered pocket, side mesh pockets, and mesh pocket in the lid. There are even bungees on the lid for stowing more extras! Sporting an adjustable shoulder strap, the cooler is soft on the outside for comfortable carrying, and has a hard plastic liner inside to protect your food from being crushed. The liner material is FDA approved for food contact, and is removable for easy cleaning. The Soft Cooler provides antimicrobial protection, to resist odors, mold, and mildew.",https://images-na.ssl-images-amazon.com/images/I/51h4B3pZVuL._SX355_.jpg,B006HFBX12,Coleman 16-Can Soft Cooler With Hard Liner,https://www.amazon.com/Coleman-16-Can-Cooler-Red/dp/B006HFBX12/ref=sr_1_4?ie=UTF8&qid=1495196176&sr=8-4&keywords=cooler,cooler_Coleman_B006HFBX12,$13.62,2017-05-17 00:00:00,2.0,The strap tore away from the cooler after just a few uses,Two Stars,https://www.amazon.com/Coleman-16-Can-Cooler-Red/product-reviews/B006HFBX12/ref=cm_cr_dp_see_all_btm?ie=UTF8&reviewerType=all_reviews&showViewpoints=1&sortBy=recent&pageNumber=1,Jennifer Strauch, , ,AM, 
 ,Coleman,cooler,"The Coleman 16-Can Soft Cooler goes with you to picnics, BBQs, camping, sporting events, tailgates and beyond. It holds 16 cans inside, and features plenty of extra storage space in its front zippered pocket, side mesh pockets, and mesh pocket in the lid. There are even bungees on the lid for stowing more extras! Sporting an adjustable shoulder strap, the cooler is soft on the outside for comfortable carrying, and has a hard plastic liner inside to protect your food from being crushed. The liner material is FDA approved for food contact, and is removable for easy cleaning. The Soft Cooler provides antimicrobial protection, to resist odors, mold, and mildew.",https://images-na.ssl-images-amazon.com/images/I/51h4B3pZVuL._SX355_.jpg,B006HFBX12,Coleman 16-Can Soft Cooler With Hard Liner,https://www.amazon.com/Coleman-16-Can-Cooler-Red/dp/B006HFBX12/ref=sr_1_4?ie=UTF8&qid=1495196176&sr=8-4&keywords=cooler,cooler_Coleman_B006HFBX12,$13.62,2017-05-17 00:00:00,5.0,"I haven't actually used it yet but I was just needing a small cooler. Sometimes when I grocery shop, I buy ice cream and other frozen products that I don't want to melt in the car on the way home. Occasionally, I stop at two grocery stores and buy frozen products and meat at both so this works well for keeping these items chilled or frozen until I get home.",Very Nice Product,https://www.amazon.com/Coleman-16-Can-Cooler-Red/product-reviews/B006HFBX12/ref=cm_cr_dp_see_all_btm?ie=UTF8&reviewerType=all_reviews&showViewpoints=1&sortBy=recent&pageNumber=1,Volunteer, , ,AM, 
 ,Coleman,cooler,"The Coleman 16-Can Soft Cooler goes with you to picnics, BBQs, camping, sporting events, tailgates and beyond. It holds 16 cans inside, and features plenty of extra storage space in its front zippered pocket, side mesh pockets, and mesh pocket in the lid. There are even bungees on the lid for stowing more extras! Sporting an adjustable shoulder strap, the cooler is soft on the outside for comfortable carrying, and has a hard plastic liner inside to protect your food from being crushed. The liner material is FDA approved for food contact, and is removable for easy cleaning. The Soft Cooler provides antimicrobial protection, to resist odors, mold, and mildew.",https://images-na.ssl-images-amazon.com/images/I/51h4B3pZVuL._SX355_.jpg,B006HFBX12,Coleman 16-Can Soft Cooler With Hard Liner,https://www.amazon.com/Coleman-16-Can-Cooler-Red/dp/B006HFBX12/ref=sr_1_4?ie=UTF8&qid=1495196176&sr=8-4&keywords=cooler,cooler_Coleman_B006HFBX12,$13.62,2017-05-16 00:00:00,5.0,"Very happy with this purchase. Bought to take to a Nascar Race since it might the track requirements for size. Fit 6 bottles of coke inside with room to spare. The front pouch came in handy for other items we brought. Easy to carry, the padding on the strap came in very handy, after hours of carrying it around down on the track. Very pleased! Highly recommend!",Meets the size requirements for Nascar tracks.,https://www.amazon.com/Coleman-16-Can-Cooler-Red/product-reviews/B006HFBX12/ref=cm_cr_dp_see_all_btm?ie=UTF8&reviewerType=all_reviews&showViewpoints=1&sortBy=recent&pageNumber=1,Mimi, , ,AM, 
 ,Coleman,cooler,"The Coleman 16-Can Soft Cooler goes with you to picnics, BBQs, camping, sporting events, tailgates and beyond. It holds 16 cans inside, and features plenty of extra storage space in its front zippered pocket, side mesh pockets, and mesh pocket in the lid. There are even bungees on the lid for stowing more extras! Sporting an adjustable shoulder strap, the cooler is soft on the outside for comfortable carrying, and has a hard plastic liner inside to protect your food from being crushed. The liner material is FDA approved for food contact, and is removable for easy cleaning. The Soft Cooler provides antimicrobial protection, to resist odors, mold, and mildew.",https://images-na.ssl-images-amazon.com/images/I/51h4B3pZVuL._SX355_.jpg,B006HFBX12,Coleman 16-Can Soft Cooler With Hard Liner,https://www.amazon.com/Coleman-16-Can-Cooler-Red/dp/B006HFBX12/ref=sr_1_4?ie=UTF8&qid=1495196176&sr=8-4&keywords=cooler,cooler_Coleman_B006HFBX12,$13.62,2017-05-13 00:00:00,5.0,"This cooler is perfect for my family. It holds enough for a picnic for a family of 4, it's also lightweight and not too bulky. The comfort strap is actually comfortable! I love the hard shell insert you can just pull out and spray clean. It kept our ice for 8 hours today while it was in our parked car.",Keeps Ice Cubed For At Least 8 Hours,https://www.amazon.com/Coleman-16-Can-Cooler-Red/product-reviews/B006HFBX12/ref=cm_cr_dp_see_all_btm?ie=UTF8&reviewerType=all_reviews&showViewpoints=1&sortBy=recent&pageNumber=1,LaraFam2009, , ,AM, 
 ,Coleman,cooler,"The Coleman 16-Can Soft Cooler goes with you to picnics, BBQs, camping, sporting events, tailgates and beyond. It holds 16 cans inside, and features plenty of extra storage space in its front zippered pocket, side mesh pockets, and mesh pocket in the lid. There are even bungees on the lid for stowing more extras! Sporting an adjustable shoulder strap, the cooler is soft on the outside for comfortable carrying, and has a hard plastic liner inside to protect your food from being crushed. The liner material is FDA approved for food contact, and is removable for easy cleaning. The Soft Cooler provides antimicrobial protection, to resist odors, mold, and mildew.",https://images-na.ssl-images-amazon.com/images/I/51h4B3pZVuL._SX355_.jpg,B006HFBX12,Coleman 16-Can Soft Cooler With Hard Liner,https://www.amazon.com/Coleman-16-Can-Cooler-Red/dp/B006HFBX12/ref=sr_1_4?ie=UTF8&qid=1495196176&sr=8-4&keywords=cooler,cooler_Coleman_B006HFBX12,$13.62,2017-05-13 00:00:00,5.0,Well insulated keeps food cold for hours,Five Stars,https://www.amazon.com/Coleman-16-Can-Cooler-Red/product-reviews/B006HFBX12/ref=cm_cr_dp_see_all_btm?ie=UTF8&reviewerType=all_reviews&showViewpoints=1&sortBy=recent&pageNumber=1,ellen feuer, , ,AM, 
 ,Coleman,cooler,"The Coleman 16-Can Soft Cooler goes with you to picnics, BBQs, camping, sporting events, tailgates and beyond. It holds 16 cans inside, and features plenty of extra storage space in its front zippered pocket, side mesh pockets, and mesh pocket in the lid. There are even bungees on the lid for stowing more extras! Sporting an adjustable shoulder strap, the cooler is soft on the outside for comfortable carrying, and has a hard plastic liner inside to protect your food from being crushed. The liner material is FDA approved for food contact, and is removable for easy cleaning. The Soft Cooler provides antimicrobial protection, to resist odors, mold, and mildew.",https://images-na.ssl-images-amazon.com/images/I/51h4B3pZVuL._SX355_.jpg,B006HFBX12,Coleman 16-Can Soft Cooler With Hard Liner,https://www.amazon.com/Coleman-16-Can-Cooler-Red/dp/B006HFBX12/ref=sr_1_4?ie=UTF8&qid=1495196176&sr=8-4&keywords=cooler,cooler_Coleman_B006HFBX12,$13.62,2017-05-13 00:00:00,2.0,Cooler is small. Should also have handle on top. With just shouler strap tring to sit in car is a little awkward. Side mesh is tight and can't hold much. Front pocket with zipper should have two zippers so that when opening objects in pocket seem more secure and not feel like they will fall out. Description should have better pictures to show size.,Small and pockets don't hold much.,https://www.amazon.com/Coleman-16-Can-Cooler-Red/product-reviews/B006HFBX12/ref=cm_cr_dp_see_all_btm?ie=UTF8&reviewerType=all_reviews&showViewpoints=1&sortBy=recent&pageNumber=1,william deubler, , ,AM, 
 ,Coleman,cooler,"The Coleman 16-Can Soft Cooler goes with you to picnics, BBQs, camping, sporting events, tailgates and beyond. It holds 16 cans inside, and features plenty of extra storage space in its front zippered pocket, side mesh pockets, and mesh pocket in the lid. There are even bungees on the lid for stowing more extras! Sporting an adjustable shoulder strap, the cooler is soft on the outside for comfortable carrying, and has a hard plastic liner inside to protect your food from being crushed. The liner material is FDA approved for food contact, and is removable for easy cleaning. The Soft Cooler provides antimicrobial protection, to resist odors, mold, and mildew.",https://images-na.ssl-images-amazon.com/images/I/51h4B3pZVuL._SX355_.jpg,B006HFBX12,Coleman 16-Can Soft Cooler With Hard Liner,https://www.amazon.com/Coleman-16-Can-Cooler-Red/dp/B006HFBX12/ref=sr_1_4?ie=UTF8&qid=1495196176&sr=8-4&keywords=cooler,cooler_Coleman_B006HFBX12,$13.62,2017-05-12 00:00:00,5.0,"My husbands uses this as a lunch box. It's bigger than expected but we love it, we also use it when we go on trips. The material is amazing and I've washed it in the washer & dryer and it's still in perfect condition!
Great product","It's bigger than expected but we love it, we also use it when we go ...",https://www.amazon.com/Coleman-16-Can-Cooler-Red/product-reviews/B006HFBX12/ref=cm_cr_dp_see_all_btm?ie=UTF8&reviewerType=all_reviews&showViewpoints=1&sortBy=recent&pageNumber=1,Nadia Al Shaibah, , ,AM, 
 ,Coleman,cooler,"The Coleman 16-Can Soft Cooler goes with you to picnics, BBQs, camping, sporting events, tailgates and beyond. It holds 16 cans inside, and features plenty of extra storage space in its front zippered pocket, side mesh pockets, and mesh pocket in the lid. There are even bungees on the lid for stowing more extras! Sporting an adjustable shoulder strap, the cooler is soft on the outside for comfortable carrying, and has a hard plastic liner inside to protect your food from being crushed. The liner material is FDA approved for food contact, and is removable for easy cleaning. The Soft Cooler provides antimicrobial protection, to resist odors, mold, and mildew.",https://images-na.ssl-images-amazon.com/images/I/51h4B3pZVuL._SX355_.jpg,B006HFBX12,Coleman 16-Can Soft Cooler With Hard Liner,https://www.amazon.com/Coleman-16-Can-Cooler-Red/dp/B006HFBX12/ref=sr_1_4?ie=UTF8&qid=1495196176&sr=8-4&keywords=cooler,cooler_Coleman_B006HFBX12,$13.62,2017-05-11 00:00:00,5.0,"Great quality and long-lasting lunch box. We've had this for over 2 years and it is still in great shape!

I've had other lunch boxes where the zipper would start to break around the curves. This one's zipper is in perfect condition!

Very very pleased with the quality.

There is an inside mesh pocket and an outside zipper pocket. Great for utensils, napkins, etc. There's also a mesh pocket on the side.",High quality and long-lasting: have been using for 2+ years and it's still in great shape,https://www.amazon.com/Coleman-16-Can-Cooler-Red/product-reviews/B006HFBX12/ref=cm_cr_dp_see_all_btm?ie=UTF8&reviewerType=all_reviews&showViewpoints=1&sortBy=recent&pageNumber=1,Lauren, , ,AM, 
 ,Coleman,cooler,"The Coleman 16-Can Soft Cooler goes with you to picnics, BBQs, camping, sporting events, tailgates and beyond. It holds 16 cans inside, and features plenty of extra storage space in its front zippered pocket, side mesh pockets, and mesh pocket in the lid. There are even bungees on the lid for stowing more extras! Sporting an adjustable shoulder strap, the cooler is soft on the outside for comfortable carrying, and has a hard plastic liner inside to protect your food from being crushed. The liner material is FDA approved for food contact, and is removable for easy cleaning. The Soft Cooler provides antimicrobial protection, to resist odors, mold, and mildew.",https://images-na.ssl-images-amazon.com/images/I/51h4B3pZVuL._SX355_.jpg,B006HFBX12,Coleman 16-Can Soft Cooler With Hard Liner,https://www.amazon.com/Coleman-16-Can-Cooler-Red/dp/B006HFBX12/ref=sr_1_4?ie=UTF8&qid=1495196176&sr=8-4&keywords=cooler,cooler_Coleman_B006HFBX12,$13.62,2017-05-11 00:00:00,5.0,Great size and lightweight with nice insert,Five Stars,https://www.amazon.com/Coleman-16-Can-Cooler-Red/product-reviews/B006HFBX12/ref=cm_cr_dp_see_all_btm?ie=UTF8&reviewerType=all_reviews&showViewpoints=1&sortBy=recent&pageNumber=1,Diana Harper, , ,AM, 
 ,Coleman,cooler,"A must-have for any outing or event with large groups, the Coleman 50 qt. Wheeled Cooler holds up to 64 cans with no problem. The large wheels and comfortable tow handle allow for simple transportation. Dimensions: 16.5L x 26W x 14H inches. You know the name, and you?ll love the company. Coleman is unparalleled in the world of camping and outdoor gear. What started out as an innovation in gas-powered lamps over 100 years ago has grown to an international company that designs and constructs top-quality tents, lanterns, stoves, coolers, sleeping bags, and more. No matter what your outdoor sport: hiking, camping, fishing, hunting, boating, swimming, four-wheeling, relaxing, or tailgating, Coleman has what you need to help get you out there to enjoy it. Made of best quality plastic in a variety of colors. Thermozone insulated cooler holds up to 64 cans. Features hinged lid with 4 cup holders. Comes with a large handle and wheels for comfortable use. Dimensions: 16.5L x 26W x 14H in..",https://images-na.ssl-images-amazon.com/images/I/61KysP8wLBL._SY355_.jpg,B000G33YT0,Coleman 50 qt. Wheeled Cooler,https://www.amazon.com/Coleman-Quart-Performance-Wheeled-Cooler/dp/B000G33YT0/ref=sr_1_5?ie=UTF8&qid=1495196176&sr=8-5&keywords=cooler,cooler_Coleman_B000G33YT0,$47.69,2017-05-15 00:00:00,5.0,Great cooler!!,Five Stars,https://www.amazon.com/Coleman-Quart-Performance-Wheeled-Cooler/product-reviews/B000G33YT0/ref=cm_cr_dp_see_all_btm?ie=UTF8&reviewerType=all_reviews&showViewpoints=1&sortBy=recent&pageNumber=1,Amazon Customer, , ,AM, 
 ,Coleman,cooler,"A must-have for any outing or event with large groups, the Coleman 50 qt. Wheeled Cooler holds up to 64 cans with no problem. The large wheels and comfortable tow handle allow for simple transportation. Dimensions: 16.5L x 26W x 14H inches. You know the name, and you?ll love the company. Coleman is unparalleled in the world of camping and outdoor gear. What started out as an innovation in gas-powered lamps over 100 years ago has grown to an international company that designs and constructs top-quality tents, lanterns, stoves, coolers, sleeping bags, and more. No matter what your outdoor sport: hiking, camping, fishing, hunting, boating, swimming, four-wheeling, relaxing, or tailgating, Coleman has what you need to help get you out there to enjoy it. Made of best quality plastic in a variety of colors. Thermozone insulated cooler holds up to 64 cans. Features hinged lid with 4 cup holders. Comes with a large handle and wheels for comfortable use. Dimensions: 16.5L x 26W x 14H in..",https://images-na.ssl-images-amazon.com/images/I/61KysP8wLBL._SY355_.jpg,B000G33YT0,Coleman 50 qt. Wheeled Cooler,https://www.amazon.com/Coleman-Quart-Performance-Wheeled-Cooler/dp/B000G33YT0/ref=sr_1_5?ie=UTF8&qid=1495196176&sr=8-5&keywords=cooler,cooler_Coleman_B000G33YT0,$47.69,2017-05-15 00:00:00,4.0,I thought it would hold 2 cases of drinks but learned it can hold about 36 can/bottle with ice. I wished the handle was a little longer as you can not pull the cooler in an upright position.,I thought it would hold 2 cases of drinks but ...,https://www.amazon.com/Coleman-Quart-Performance-Wheeled-Cooler/product-reviews/B000G33YT0/ref=cm_cr_dp_see_all_btm?ie=UTF8&reviewerType=all_reviews&showViewpoints=1&sortBy=recent&pageNumber=1,Sharon A. Hill, , ,AM, 
 ,Coleman,cooler,"A must-have for any outing or event with large groups, the Coleman 50 qt. Wheeled Cooler holds up to 64 cans with no problem. The large wheels and comfortable tow handle allow for simple transportation. Dimensions: 16.5L x 26W x 14H inches. You know the name, and you?ll love the company. Coleman is unparalleled in the world of camping and outdoor gear. What started out as an innovation in gas-powered lamps over 100 years ago has grown to an international company that designs and constructs top-quality tents, lanterns, stoves, coolers, sleeping bags, and more. No matter what your outdoor sport: hiking, camping, fishing, hunting, boating, swimming, four-wheeling, relaxing, or tailgating, Coleman has what you need to help get you out there to enjoy it. Made of best quality plastic in a variety of colors. Thermozone insulated cooler holds up to 64 cans. Features hinged lid with 4 cup holders. Comes with a large handle and wheels for comfortable use. Dimensions: 16.5L x 26W x 14H in..",https://images-na.ssl-images-amazon.com/images/I/61KysP8wLBL._SY355_.jpg,B000G33YT0,Coleman 50 qt. Wheeled Cooler,https://www.amazon.com/Coleman-Quart-Performance-Wheeled-Cooler/dp/B000G33YT0/ref=sr_1_5?ie=UTF8&qid=1495196176&sr=8-5&keywords=cooler,cooler_Coleman_B000G33YT0,$47.69,2017-05-11 00:00:00,1.0,Drain spout leaked even when fully closed. It got water everywhere and we were already on our trip so we found out too late! Returning now. Buyer beware.,Drain plug leaked even when closed,https://www.amazon.com/Coleman-Quart-Performance-Wheeled-Cooler/product-reviews/B000G33YT0/ref=cm_cr_dp_see_all_btm?ie=UTF8&reviewerType=all_reviews&showViewpoints=1&sortBy=recent&pageNumber=1,DH, , ,AM, 
 ,Coleman,cooler,"A must-have for any outing or event with large groups, the Coleman 50 qt. Wheeled Cooler holds up to 64 cans with no problem. The large wheels and comfortable tow handle allow for simple transportation. Dimensions: 16.5L x 26W x 14H inches. You know the name, and you?ll love the company. Coleman is unparalleled in the world of camping and outdoor gear. What started out as an innovation in gas-powered lamps over 100 years ago has grown to an international company that designs and constructs top-quality tents, lanterns, stoves, coolers, sleeping bags, and more. No matter what your outdoor sport: hiking, camping, fishing, hunting, boating, swimming, four-wheeling, relaxing, or tailgating, Coleman has what you need to help get you out there to enjoy it. Made of best quality plastic in a variety of colors. Thermozone insulated cooler holds up to 64 cans. Features hinged lid with 4 cup holders. Comes with a large handle and wheels for comfortable use. Dimensions: 16.5L x 26W x 14H in..",https://images-na.ssl-images-amazon.com/images/I/61KysP8wLBL._SY355_.jpg,B000G33YT0,Coleman 50 qt. Wheeled Cooler,https://www.amazon.com/Coleman-Quart-Performance-Wheeled-Cooler/dp/B000G33YT0/ref=sr_1_5?ie=UTF8&qid=1495196176&sr=8-5&keywords=cooler,cooler_Coleman_B000G33YT0,$47.69,2017-05-10 00:00:00,4.0,"Because of the wheels the inside isn't properly cubical and they cut into the space of the cooler.

We partnered this cooler with the cooler shock ice packs , and froze those for 48 hours. All in all this cooler was very handy in keeping our food and drinks cold.",Good cooler- inside space is taken by wheels.,https://www.amazon.com/Coleman-Quart-Performance-Wheeled-Cooler/product-reviews/B000G33YT0/ref=cm_cr_dp_see_all_btm?ie=UTF8&reviewerType=all_reviews&showViewpoints=1&sortBy=recent&pageNumber=1,T Patel, , ,AM, 
 ,Coleman,cooler,"A must-have for any outing or event with large groups, the Coleman 50 qt. Wheeled Cooler holds up to 64 cans with no problem. The large wheels and comfortable tow handle allow for simple transportation. Dimensions: 16.5L x 26W x 14H inches. You know the name, and you?ll love the company. Coleman is unparalleled in the world of camping and outdoor gear. What started out as an innovation in gas-powered lamps over 100 years ago has grown to an international company that designs and constructs top-quality tents, lanterns, stoves, coolers, sleeping bags, and more. No matter what your outdoor sport: hiking, camping, fishing, hunting, boating, swimming, four-wheeling, relaxing, or tailgating, Coleman has what you need to help get you out there to enjoy it. Made of best quality plastic in a variety of colors. Thermozone insulated cooler holds up to 64 cans. Features hinged lid with 4 cup holders. Comes with a large handle and wheels for comfortable use. Dimensions: 16.5L x 26W x 14H in..",https://images-na.ssl-images-amazon.com/images/I/61KysP8wLBL._SY355_.jpg,B000G33YT0,Coleman 50 qt. Wheeled Cooler,https://www.amazon.com/Coleman-Quart-Performance-Wheeled-Cooler/dp/B000G33YT0/ref=sr_1_5?ie=UTF8&qid=1495196176&sr=8-5&keywords=cooler,cooler_Coleman_B000G33YT0,$47.69,2017-05-10 00:00:00,5.0,"I needed a cooler with a spout for camping. I used this for the first time last weekend and it performed very well. I took it on a 3 day trip. I put ice in it around 5 am Friday and when I got home at 5 pm Sunday, it still had ice in it. So I was quite impressed with how well it keep things cool. The spout works well and did not leak at all. We were camping in a pretty rocky area and the cooler held up well taking it over rough terrain. I would highly recommend this cooler.",Great cooler at a great price,https://www.amazon.com/Coleman-Quart-Performance-Wheeled-Cooler/product-reviews/B000G33YT0/ref=cm_cr_dp_see_all_btm?ie=UTF8&reviewerType=all_reviews&showViewpoints=1&sortBy=recent&pageNumber=1,Yensid78, , ,AM, 
 ,Coleman,cooler,"A must-have for any outing or event with large groups, the Coleman 50 qt. Wheeled Cooler holds up to 64 cans with no problem. The large wheels and comfortable tow handle allow for simple transportation. Dimensions: 16.5L x 26W x 14H inches. You know the name, and you?ll love the company. Coleman is unparalleled in the world of camping and outdoor gear. What started out as an innovation in gas-powered lamps over 100 years ago has grown to an international company that designs and constructs top-quality tents, lanterns, stoves, coolers, sleeping bags, and more. No matter what your outdoor sport: hiking, camping, fishing, hunting, boating, swimming, four-wheeling, relaxing, or tailgating, Coleman has what you need to help get you out there to enjoy it. Made of best quality plastic in a variety of colors. Thermozone insulated cooler holds up to 64 cans. Features hinged lid with 4 cup holders. Comes with a large handle and wheels for comfortable use. Dimensions: 16.5L x 26W x 14H in..",https://images-na.ssl-images-amazon.com/images/I/61KysP8wLBL._SY355_.jpg,B000G33YT0,Coleman 50 qt. Wheeled Cooler,https://www.amazon.com/Coleman-Quart-Performance-Wheeled-Cooler/dp/B000G33YT0/ref=sr_1_5?ie=UTF8&qid=1495196176&sr=8-5&keywords=cooler,cooler_Coleman_B000G33YT0,$47.69,2017-05-08 00:00:00,5.0,"I bought this and had it sent to my son's house in Portland, Oregon because we were going to visit only to have them tell us that their refrigerator was FULL so there was no room for the stuff we normally buy like juice and almond milk in the frig. This worked out really well as we have one at our own house too. We bought block ice for it and it stayed almost whole for 3-4 days! We left it up there for use again and hope they don't get it dirty or ruin it!!",Coleman 50 Quart Performance Wheeled Cooler.,https://www.amazon.com/Coleman-Quart-Performance-Wheeled-Cooler/product-reviews/B000G33YT0/ref=cm_cr_dp_see_all_btm?ie=UTF8&reviewerType=all_reviews&showViewpoints=1&sortBy=recent&pageNumber=1,Carol S. Morgan, , ,AM, 
 ,Coleman,cooler,"A must-have for any outing or event with large groups, the Coleman 50 qt. Wheeled Cooler holds up to 64 cans with no problem. The large wheels and comfortable tow handle allow for simple transportation. Dimensions: 16.5L x 26W x 14H inches. You know the name, and you?ll love the company. Coleman is unparalleled in the world of camping and outdoor gear. What started out as an innovation in gas-powered lamps over 100 years ago has grown to an international company that designs and constructs top-quality tents, lanterns, stoves, coolers, sleeping bags, and more. No matter what your outdoor sport: hiking, camping, fishing, hunting, boating, swimming, four-wheeling, relaxing, or tailgating, Coleman has what you need to help get you out there to enjoy it. Made of best quality plastic in a variety of colors. Thermozone insulated cooler holds up to 64 cans. Features hinged lid with 4 cup holders. Comes with a large handle and wheels for comfortable use. Dimensions: 16.5L x 26W x 14H in..",https://images-na.ssl-images-amazon.com/images/I/61KysP8wLBL._SY355_.jpg,B000G33YT0,Coleman 50 qt. Wheeled Cooler,https://www.amazon.com/Coleman-Quart-Performance-Wheeled-Cooler/dp/B000G33YT0/ref=sr_1_5?ie=UTF8&qid=1495196176&sr=8-5&keywords=cooler,cooler_Coleman_B000G33YT0,$47.69,2017-04-22 00:00:00,3.0,"I read some reviews and the product description, and it states the Lid will hold itself open. This is not entirely true.... I had to really muscle it backwards to get it to stay open and if you look at it wrong it closes. Great if you can quickly grab something ... but if you are not a speedy Gonzales, your arm will get snapped when the lid shuts on its own",Lid doesn't stay open,https://www.amazon.com/Coleman-Quart-Performance-Wheeled-Cooler/product-reviews/B000G33YT0/ref=cm_cr_dp_see_all_btm?ie=UTF8&reviewerType=all_reviews&showViewpoints=1&sortBy=recent&pageNumber=1,Jasmin M. Seitzer, , ,AM, 
 ,Coleman,cooler,"A must-have for any outing or event with large groups, the Coleman 50 qt. Wheeled Cooler holds up to 64 cans with no problem. The large wheels and comfortable tow handle allow for simple transportation. Dimensions: 16.5L x 26W x 14H inches. You know the name, and you?ll love the company. Coleman is unparalleled in the world of camping and outdoor gear. What started out as an innovation in gas-powered lamps over 100 years ago has grown to an international company that designs and constructs top-quality tents, lanterns, stoves, coolers, sleeping bags, and more. No matter what your outdoor sport: hiking, camping, fishing, hunting, boating, swimming, four-wheeling, relaxing, or tailgating, Coleman has what you need to help get you out there to enjoy it. Made of best quality plastic in a variety of colors. Thermozone insulated cooler holds up to 64 cans. Features hinged lid with 4 cup holders. Comes with a large handle and wheels for comfortable use. Dimensions: 16.5L x 26W x 14H in..",https://images-na.ssl-images-amazon.com/images/I/61KysP8wLBL._SY355_.jpg,B000G33YT0,Coleman 50 qt. Wheeled Cooler,https://www.amazon.com/Coleman-Quart-Performance-Wheeled-Cooler/dp/B000G33YT0/ref=sr_1_5?ie=UTF8&qid=1495196176&sr=8-5&keywords=cooler,cooler_Coleman_B000G33YT0,$47.69,2017-04-22 00:00:00,5.0,Nice thank you,Nice thank you,https://www.amazon.com/Coleman-Quart-Performance-Wheeled-Cooler/product-reviews/B000G33YT0/ref=cm_cr_dp_see_all_btm?ie=UTF8&reviewerType=all_reviews&showViewpoints=1&sortBy=recent&pageNumber=1,margaret, , ,AM, 
 ,Coleman,cooler,"A must-have for any outing or event with large groups, the Coleman 50 qt. Wheeled Cooler holds up to 64 cans with no problem. The large wheels and comfortable tow handle allow for simple transportation. Dimensions: 16.5L x 26W x 14H inches. You know the name, and you?ll love the company. Coleman is unparalleled in the world of camping and outdoor gear. What started out as an innovation in gas-powered lamps over 100 years ago has grown to an international company that designs and constructs top-quality tents, lanterns, stoves, coolers, sleeping bags, and more. No matter what your outdoor sport: hiking, camping, fishing, hunting, boating, swimming, four-wheeling, relaxing, or tailgating, Coleman has what you need to help get you out there to enjoy it. Made of best quality plastic in a variety of colors. Thermozone insulated cooler holds up to 64 cans. Features hinged lid with 4 cup holders. Comes with a large handle and wheels for comfortable use. Dimensions: 16.5L x 26W x 14H in..",https://images-na.ssl-images-amazon.com/images/I/61KysP8wLBL._SY355_.jpg,B000G33YT0,Coleman 50 qt. Wheeled Cooler,https://www.amazon.com/Coleman-Quart-Performance-Wheeled-Cooler/dp/B000G33YT0/ref=sr_1_5?ie=UTF8&qid=1495196176&sr=8-5&keywords=cooler,cooler_Coleman_B000G33YT0,$47.69,2017-04-18 00:00:00,5.0,was already put together when i received it,Five Stars,https://www.amazon.com/Coleman-Quart-Performance-Wheeled-Cooler/product-reviews/B000G33YT0/ref=cm_cr_dp_see_all_btm?ie=UTF8&reviewerType=all_reviews&showViewpoints=1&sortBy=recent&pageNumber=1,Marianne, , ,AM, 
 ,Coleman,cooler,"A must-have for any outing or event with large groups, the Coleman 50 qt. Wheeled Cooler holds up to 64 cans with no problem. The large wheels and comfortable tow handle allow for simple transportation. Dimensions: 16.5L x 26W x 14H inches. You know the name, and you?ll love the company. Coleman is unparalleled in the world of camping and outdoor gear. What started out as an innovation in gas-powered lamps over 100 years ago has grown to an international company that designs and constructs top-quality tents, lanterns, stoves, coolers, sleeping bags, and more. No matter what your outdoor sport: hiking, camping, fishing, hunting, boating, swimming, four-wheeling, relaxing, or tailgating, Coleman has what you need to help get you out there to enjoy it. Made of best quality plastic in a variety of colors. Thermozone insulated cooler holds up to 64 cans. Features hinged lid with 4 cup holders. Comes with a large handle and wheels for comfortable use. Dimensions: 16.5L x 26W x 14H in..",https://images-na.ssl-images-amazon.com/images/I/61KysP8wLBL._SY355_.jpg,B000G33YT0,Coleman 50 qt. Wheeled Cooler,https://www.amazon.com/Coleman-Quart-Performance-Wheeled-Cooler/dp/B000G33YT0/ref=sr_1_5?ie=UTF8&qid=1495196176&sr=8-5&keywords=cooler,cooler_Coleman_B000G33YT0,$47.69,2017-04-17 00:00:00,5.0,"great product, sale and shipping",Five Stars,https://www.amazon.com/Coleman-Quart-Performance-Wheeled-Cooler/product-reviews/B000G33YT0/ref=cm_cr_dp_see_all_btm?ie=UTF8&reviewerType=all_reviews&showViewpoints=1&sortBy=recent&pageNumber=1,Anthony S., , ,AM, 
 ,Rubbermaid,cooler,"Keep it cool with the Rubbermaid 75 qt. Blue Wheeled Cooler. This cooler's extra thick insulation keeps ice for up to five days at 90 degrees F. A hinged, split lid provides easy access to contents without letting all the cold air out, while the rugged wheels make maneuvering over various surfaces easy. This easy-to-clean, BPA-free design stores up to 130 cans plus ice and also features built-in cup holders for added convenience.
Holds 130 cans plus ice, perfect for parties and outdoor events
Built-in cup holders fit 12 oz. cans and 20 oz. bottles
Wheels enable easy transport
Side swing handles with comfort grip for easy carrying
Durable metal and plastic extended tow handle for portability
Safe, BPA-free construction
BPA free
Rubbermaid product is made in the United States of America",http://www.homedepot.com/catalog/productImages/1000/03/03865ef0-7379-45cc-83f0-a4dc7cedf300_1000.jpg,203160214,75 qt. Blue Wheeled Cooler,http://www.homedepot.com/p/Rubbermaid-75-qt-Blue-Wheeled-Cooler-FG2C0902MODBL/203160214,cooler_Rubbermaid_203160214,$39.97,2017-05-11 00:00:00,4.0,"This cooler is BIGGER than it looks and can be hard to handle. The PULL HANDLE should be BIGGER for the size and weight when loaded. WHEELS too small, AND roll poorly in sand. DIVIDER that can be used in box, great to keep items separated. If YOUR PARTY THAT BIG, EASIER TO TAKE 2 SMALLER COOLERS!!",This cooler is BIGGER than it looks and can be...,http://www.homedepot.com/p/Rubbermaid-75-qt-Blue-Wheeled-Cooler-FG2C0902MODBL/203160214,Frank3, , ,HD, 
 ,Rubbermaid,cooler,"Keep it cool with the Rubbermaid 75 qt. Blue Wheeled Cooler. This cooler's extra thick insulation keeps ice for up to five days at 90 degrees F. A hinged, split lid provides easy access to contents without letting all the cold air out, while the rugged wheels make maneuvering over various surfaces easy. This easy-to-clean, BPA-free design stores up to 130 cans plus ice and also features built-in cup holders for added convenience.
Holds 130 cans plus ice, perfect for parties and outdoor events
Built-in cup holders fit 12 oz. cans and 20 oz. bottles
Wheels enable easy transport
Side swing handles with comfort grip for easy carrying
Durable metal and plastic extended tow handle for portability
Safe, BPA-free construction
BPA free
Rubbermaid product is made in the United States of America",http://www.homedepot.com/catalog/productImages/1000/03/03865ef0-7379-45cc-83f0-a4dc7cedf300_1000.jpg,203160214,75 qt. Blue Wheeled Cooler,http://www.homedepot.com/p/Rubbermaid-75-qt-Blue-Wheeled-Cooler-FG2C0902MODBL/203160214,cooler_Rubbermaid_203160214,$39.97,2017-05-16 00:00:00,4.0,Excellent cooler,Excellent cooler...,http://www.homedepot.com/p/Rubbermaid-75-qt-Blue-Wheeled-Cooler-FG2C0902MODBL/203160214,Zack, , ,HD, 
 ,Rubbermaid,cooler,"Keep it cool with the Rubbermaid 75 qt. Blue Wheeled Cooler. This cooler's extra thick insulation keeps ice for up to five days at 90 degrees F. A hinged, split lid provides easy access to contents without letting all the cold air out, while the rugged wheels make maneuvering over various surfaces easy. This easy-to-clean, BPA-free design stores up to 130 cans plus ice and also features built-in cup holders for added convenience.
Holds 130 cans plus ice, perfect for parties and outdoor events
Built-in cup holders fit 12 oz. cans and 20 oz. bottles
Wheels enable easy transport
Side swing handles with comfort grip for easy carrying
Durable metal and plastic extended tow handle for portability
Safe, BPA-free construction
BPA free
Rubbermaid product is made in the United States of America",http://www.homedepot.com/catalog/productImages/1000/03/03865ef0-7379-45cc-83f0-a4dc7cedf300_1000.jpg,203160214,75 qt. Blue Wheeled Cooler,http://www.homedepot.com/p/Rubbermaid-75-qt-Blue-Wheeled-Cooler-FG2C0902MODBL/203160214,cooler_Rubbermaid_203160214,$39.97,2016-09-07 00:00:00,4.0,Lid broke completely off after just 2 uses. The design seems very poor. A split lid held by only 2 small screws.,Lid broke off almost immediately,http://www.homedepot.com/p/Rubbermaid-75-qt-Blue-Wheeled-Cooler-FG2C0902MODBL/203160214,jeff406, , ,HD, 
 ,Rubbermaid,cooler,"Keep it cool with the Rubbermaid 75 qt. Blue Wheeled Cooler. This cooler's extra thick insulation keeps ice for up to five days at 90 degrees F. A hinged, split lid provides easy access to contents without letting all the cold air out, while the rugged wheels make maneuvering over various surfaces easy. This easy-to-clean, BPA-free design stores up to 130 cans plus ice and also features built-in cup holders for added convenience.
Holds 130 cans plus ice, perfect for parties and outdoor events
Built-in cup holders fit 12 oz. cans and 20 oz. bottles
Wheels enable easy transport
Side swing handles with comfort grip for easy carrying
Durable metal and plastic extended tow handle for portability
Safe, BPA-free construction
BPA free
Rubbermaid product is made in the United States of America",http://www.homedepot.com/catalog/productImages/1000/03/03865ef0-7379-45cc-83f0-a4dc7cedf300_1000.jpg,203160214,75 qt. Blue Wheeled Cooler,http://www.homedepot.com/p/Rubbermaid-75-qt-Blue-Wheeled-Cooler-FG2C0902MODBL/203160214,cooler_Rubbermaid_203160214,$39.97,2017-05-09 00:00:00,4.0,very convenient easy to carry. Would definitely recommend.,very convenient easy to carry. Would definitely recommend.,http://www.homedepot.com/p/Rubbermaid-75-qt-Blue-Wheeled-Cooler-FG2C0902MODBL/203160214,Mari, , ,HD, 
 ,Rubbermaid,cooler,"Keep it cool with the Rubbermaid 75 qt. Blue Wheeled Cooler. This cooler's extra thick insulation keeps ice for up to five days at 90 degrees F. A hinged, split lid provides easy access to contents without letting all the cold air out, while the rugged wheels make maneuvering over various surfaces easy. This easy-to-clean, BPA-free design stores up to 130 cans plus ice and also features built-in cup holders for added convenience.
Holds 130 cans plus ice, perfect for parties and outdoor events
Built-in cup holders fit 12 oz. cans and 20 oz. bottles
Wheels enable easy transport
Side swing handles with comfort grip for easy carrying
Durable metal and plastic extended tow handle for portability
Safe, BPA-free construction
BPA free
Rubbermaid product is made in the United States of America",http://www.homedepot.com/catalog/productImages/1000/03/03865ef0-7379-45cc-83f0-a4dc7cedf300_1000.jpg,203160214,75 qt. Blue Wheeled Cooler,http://www.homedepot.com/p/Rubbermaid-75-qt-Blue-Wheeled-Cooler-FG2C0902MODBL/203160214,cooler_Rubbermaid_203160214,$39.97,2017-05-09 00:00:00,4.0,The handle broke the first time we used it.,The handle broke the first time we used it....,http://www.homedepot.com/p/Rubbermaid-75-qt-Blue-Wheeled-Cooler-FG2C0902MODBL/203160214,521Ranger, , ,HD, 
 ,Rubbermaid,cooler,"Keep it cool with the Rubbermaid 75 qt. Blue Wheeled Cooler. This cooler's extra thick insulation keeps ice for up to five days at 90 degrees F. A hinged, split lid provides easy access to contents without letting all the cold air out, while the rugged wheels make maneuvering over various surfaces easy. This easy-to-clean, BPA-free design stores up to 130 cans plus ice and also features built-in cup holders for added convenience.
Holds 130 cans plus ice, perfect for parties and outdoor events
Built-in cup holders fit 12 oz. cans and 20 oz. bottles
Wheels enable easy transport
Side swing handles with comfort grip for easy carrying
Durable metal and plastic extended tow handle for portability
Safe, BPA-free construction
BPA free
Rubbermaid product is made in the United States of America",http://www.homedepot.com/catalog/productImages/1000/03/03865ef0-7379-45cc-83f0-a4dc7cedf300_1000.jpg,203160214,75 qt. Blue Wheeled Cooler,http://www.homedepot.com/p/Rubbermaid-75-qt-Blue-Wheeled-Cooler-FG2C0902MODBL/203160214,cooler_Rubbermaid_203160214,$39.97,2017-05-05 00:00:00,4.0,This cooler is easy to load and to pull when it is heavy with food or drinks. It has the space for a lot of food or drinks so it keeps them cold very nicely..,This cooler is easy to load and to pull when it is heavy with food or drinks. It has the space fo...,http://www.homedepot.com/p/Rubbermaid-75-qt-Blue-Wheeled-Cooler-FG2C0902MODBL/203160214,gandalf49, , ,HD, 
 ,Rubbermaid,cooler,"Keep it cool with the Rubbermaid 75 qt. Blue Wheeled Cooler. This cooler's extra thick insulation keeps ice for up to five days at 90 degrees F. A hinged, split lid provides easy access to contents without letting all the cold air out, while the rugged wheels make maneuvering over various surfaces easy. This easy-to-clean, BPA-free design stores up to 130 cans plus ice and also features built-in cup holders for added convenience.
Holds 130 cans plus ice, perfect for parties and outdoor events
Built-in cup holders fit 12 oz. cans and 20 oz. bottles
Wheels enable easy transport
Side swing handles with comfort grip for easy carrying
Durable metal and plastic extended tow handle for portability
Safe, BPA-free construction
BPA free
Rubbermaid product is made in the United States of America",http://www.homedepot.com/catalog/productImages/1000/03/03865ef0-7379-45cc-83f0-a4dc7cedf300_1000.jpg,203160214,75 qt. Blue Wheeled Cooler,http://www.homedepot.com/p/Rubbermaid-75-qt-Blue-Wheeled-Cooler-FG2C0902MODBL/203160214,cooler_Rubbermaid_203160214,$39.97,2017-05-02 00:00:00,4.0,This cooler was well more than I expected!!!! And for the price I thought it was a steal!!! Lol...I can pack my whole freezer of food in it!!! AWESOME!!!,Roll-a-Room!!!!!,http://www.homedepot.com/p/Rubbermaid-75-qt-Blue-Wheeled-Cooler-FG2C0902MODBL/203160214,MissBayBay, , ,HD, 
 ,Rubbermaid,cooler,"Keep it cool with the Rubbermaid 75 qt. Blue Wheeled Cooler. This cooler's extra thick insulation keeps ice for up to five days at 90 degrees F. A hinged, split lid provides easy access to contents without letting all the cold air out, while the rugged wheels make maneuvering over various surfaces easy. This easy-to-clean, BPA-free design stores up to 130 cans plus ice and also features built-in cup holders for added convenience.
Holds 130 cans plus ice, perfect for parties and outdoor events
Built-in cup holders fit 12 oz. cans and 20 oz. bottles
Wheels enable easy transport
Side swing handles with comfort grip for easy carrying
Durable metal and plastic extended tow handle for portability
Safe, BPA-free construction
BPA free
Rubbermaid product is made in the United States of America",http://www.homedepot.com/catalog/productImages/1000/03/03865ef0-7379-45cc-83f0-a4dc7cedf300_1000.jpg,203160214,75 qt. Blue Wheeled Cooler,http://www.homedepot.com/p/Rubbermaid-75-qt-Blue-Wheeled-Cooler-FG2C0902MODBL/203160214,cooler_Rubbermaid_203160214,$39.97,2017-05-02 00:00:00,4.0,The rubbermaid 75 qt blue wheeled cooler is awesome and light weight...It does a great job keeping everything cold.....,The rubbermaid 75 qt blue wheeled cooler is awesome and light weight...It does a great job keepin...,http://www.homedepot.com/p/Rubbermaid-75-qt-Blue-Wheeled-Cooler-FG2C0902MODBL/203160214,Radar, , ,HD, 
 ,Trinity,cooler,"Entertain in style with an 80 Qt./20 Gal./24 aluminum can capacity. This sleek stainless steel cooler/ice cart is especially convenient with its raised design and wheels. The bottom shelf also provides extra storage space allowing easy refills, or anything else that needs to be carted.
High quality 304 grade stainless steel
Sleek dark bronze speckled finish on the lid, shelf and legs
80 Qt./20 Gal./80 aluminum can capacity
2 in. x 1 in. casters for easy mobility (2 locking, 2 non-locking)
Attached bottle opener and cap catcher
Steel bottom shelf for additional storage
Includes drainage plug for easy care
2-sided easy access lid",http://www.homedepot.com/catalog/productImages/1000/e6/e671f754-a251-4dab-85ef-5feaf8968b50_1000.jpg,206441809,80 Qt./20 Gal. Stainless Steel Standing Wheeled Cooler with Shelf,http://www.homedepot.com/p/Trinity-80-Qt-20-Gal-Stainless-Steel-Standing-Wheeled-Cooler-with-Shelf-TXK-0802/206441809,cooler_Trinity_206441809,$146.01,2017-02-07 00:00:00,5.0,Great wedding present. We put a vinyl monogram on the front with the couple's last name. Awesome!,Great wedding present. We put a vinyl monogram on the front with the couple's last name. Awesome!,http://www.homedepot.com/p/Trinity-80-Qt-20-Gal-Stainless-Steel-Standing-Wheeled-Cooler-with-Shelf-TXK-0802/206441809,Gift, , ,HD, 
 ,Trinity,cooler,"Entertain in style with an 80 Qt./20 Gal./24 aluminum can capacity. This sleek stainless steel cooler/ice cart is especially convenient with its raised design and wheels. The bottom shelf also provides extra storage space allowing easy refills, or anything else that needs to be carted.
High quality 304 grade stainless steel
Sleek dark bronze speckled finish on the lid, shelf and legs
80 Qt./20 Gal./80 aluminum can capacity
2 in. x 1 in. casters for easy mobility (2 locking, 2 non-locking)
Attached bottle opener and cap catcher
Steel bottom shelf for additional storage
Includes drainage plug for easy care
2-sided easy access lid",http://www.homedepot.com/catalog/productImages/1000/e6/e671f754-a251-4dab-85ef-5feaf8968b50_1000.jpg,206441809,80 Qt./20 Gal. Stainless Steel Standing Wheeled Cooler with Shelf,http://www.homedepot.com/p/Trinity-80-Qt-20-Gal-Stainless-Steel-Standing-Wheeled-Cooler-with-Shelf-TXK-0802/206441809,cooler_Trinity_206441809,$146.01,2017-04-25 00:00:00,5.0,"Very nice looking cooler. The cooler part of it is excellent quality, the stand is good quality. The stainless does get hot if its in the direct sun but the beverages stay cold. We really love it. It looks great on our patio and matches our stainless gas grill.","Very nice looking cooler. The cooler part of it is excellent quality, the stand is good quality. ...",http://www.homedepot.com/p/Trinity-80-Qt-20-Gal-Stainless-Steel-Standing-Wheeled-Cooler-with-Shelf-TXK-0802/206441809,Andy, , ,HD, 
 ,Trinity,cooler,"Entertain in style with an 80 Qt./20 Gal./24 aluminum can capacity. This sleek stainless steel cooler/ice cart is especially convenient with its raised design and wheels. The bottom shelf also provides extra storage space allowing easy refills, or anything else that needs to be carted.
High quality 304 grade stainless steel
Sleek dark bronze speckled finish on the lid, shelf and legs
80 Qt./20 Gal./80 aluminum can capacity
2 in. x 1 in. casters for easy mobility (2 locking, 2 non-locking)
Attached bottle opener and cap catcher
Steel bottom shelf for additional storage
Includes drainage plug for easy care
2-sided easy access lid",http://www.homedepot.com/catalog/productImages/1000/e6/e671f754-a251-4dab-85ef-5feaf8968b50_1000.jpg,206441809,80 Qt./20 Gal. Stainless Steel Standing Wheeled Cooler with Shelf,http://www.homedepot.com/p/Trinity-80-Qt-20-Gal-Stainless-Steel-Standing-Wheeled-Cooler-with-Shelf-TXK-0802/206441809,cooler_Trinity_206441809,$146.01,2017-05-07 00:00:00,5.0,excellent,excellent...,http://www.homedepot.com/p/Trinity-80-Qt-20-Gal-Stainless-Steel-Standing-Wheeled-Cooler-with-Shelf-TXK-0802/206441809,rg, , ,HD, 
 ,Trinity,cooler,"Entertain in style with an 80 Qt./20 Gal./24 aluminum can capacity. This sleek stainless steel cooler/ice cart is especially convenient with its raised design and wheels. The bottom shelf also provides extra storage space allowing easy refills, or anything else that needs to be carted.
High quality 304 grade stainless steel
Sleek dark bronze speckled finish on the lid, shelf and legs
80 Qt./20 Gal./80 aluminum can capacity
2 in. x 1 in. casters for easy mobility (2 locking, 2 non-locking)
Attached bottle opener and cap catcher
Steel bottom shelf for additional storage
Includes drainage plug for easy care
2-sided easy access lid",http://www.homedepot.com/catalog/productImages/1000/e6/e671f754-a251-4dab-85ef-5feaf8968b50_1000.jpg,206441809,80 Qt./20 Gal. Stainless Steel Standing Wheeled Cooler with Shelf,http://www.homedepot.com/p/Trinity-80-Qt-20-Gal-Stainless-Steel-Standing-Wheeled-Cooler-with-Shelf-TXK-0802/206441809,cooler_Trinity_206441809,$146.01,2017-05-03 00:00:00,5.0,Classy look. Super easy to assemble. Great quality for the money,Classy look. Super easy to assemble. Great quality for the...,http://www.homedepot.com/p/Trinity-80-Qt-20-Gal-Stainless-Steel-Standing-Wheeled-Cooler-with-Shelf-TXK-0802/206441809,Stanbow, , ,HD, 
 ,Trinity,cooler,"Entertain in style with an 80 Qt./20 Gal./24 aluminum can capacity. This sleek stainless steel cooler/ice cart is especially convenient with its raised design and wheels. The bottom shelf also provides extra storage space allowing easy refills, or anything else that needs to be carted.
High quality 304 grade stainless steel
Sleek dark bronze speckled finish on the lid, shelf and legs
80 Qt./20 Gal./80 aluminum can capacity
2 in. x 1 in. casters for easy mobility (2 locking, 2 non-locking)
Attached bottle opener and cap catcher
Steel bottom shelf for additional storage
Includes drainage plug for easy care
2-sided easy access lid",http://www.homedepot.com/catalog/productImages/1000/e6/e671f754-a251-4dab-85ef-5feaf8968b50_1000.jpg,206441809,80 Qt./20 Gal. Stainless Steel Standing Wheeled Cooler with Shelf,http://www.homedepot.com/p/Trinity-80-Qt-20-Gal-Stainless-Steel-Standing-Wheeled-Cooler-with-Shelf-TXK-0802/206441809,cooler_Trinity_206441809,$146.01,2016-06-20 00:00:00,5.0,This is a nice practical solution for keeping food and beverages chilled when entertaining. ,If you entertain frequently this does come in handy.,http://www.homedepot.com/p/Trinity-80-Qt-20-Gal-Stainless-Steel-Standing-Wheeled-Cooler-with-Shelf-TXK-0802/206441809,BilltheEngineer, , ,HD, 
 ,Trinity,cooler,"Entertain in style with an 80 Qt./20 Gal./24 aluminum can capacity. This sleek stainless steel cooler/ice cart is especially convenient with its raised design and wheels. The bottom shelf also provides extra storage space allowing easy refills, or anything else that needs to be carted.
High quality 304 grade stainless steel
Sleek dark bronze speckled finish on the lid, shelf and legs
80 Qt./20 Gal./80 aluminum can capacity
2 in. x 1 in. casters for easy mobility (2 locking, 2 non-locking)
Attached bottle opener and cap catcher
Steel bottom shelf for additional storage
Includes drainage plug for easy care
2-sided easy access lid",http://www.homedepot.com/catalog/productImages/1000/e6/e671f754-a251-4dab-85ef-5feaf8968b50_1000.jpg,206441809,80 Qt./20 Gal. Stainless Steel Standing Wheeled Cooler with Shelf,http://www.homedepot.com/p/Trinity-80-Qt-20-Gal-Stainless-Steel-Standing-Wheeled-Cooler-with-Shelf-TXK-0802/206441809,cooler_Trinity_206441809,$146.01,2017-04-21 00:00:00,5.0,"Assembly is easy. Attach the legs, bottom tray, wheel, handles and bottle opener and 15 minutes later you are done. Everything aligned well and there were challenges.",4 Star Review,http://www.homedepot.com/p/Trinity-80-Qt-20-Gal-Stainless-Steel-Standing-Wheeled-Cooler-with-Shelf-TXK-0802/206441809,Anonymous, , ,HD, 
 ,Trinity,cooler,"Entertain in style with an 80 Qt./20 Gal./24 aluminum can capacity. This sleek stainless steel cooler/ice cart is especially convenient with its raised design and wheels. The bottom shelf also provides extra storage space allowing easy refills, or anything else that needs to be carted.
High quality 304 grade stainless steel
Sleek dark bronze speckled finish on the lid, shelf and legs
80 Qt./20 Gal./80 aluminum can capacity
2 in. x 1 in. casters for easy mobility (2 locking, 2 non-locking)
Attached bottle opener and cap catcher
Steel bottom shelf for additional storage
Includes drainage plug for easy care
2-sided easy access lid",http://www.homedepot.com/catalog/productImages/1000/e6/e671f754-a251-4dab-85ef-5feaf8968b50_1000.jpg,206441809,80 Qt./20 Gal. Stainless Steel Standing Wheeled Cooler with Shelf,http://www.homedepot.com/p/Trinity-80-Qt-20-Gal-Stainless-Steel-Standing-Wheeled-Cooler-with-Shelf-TXK-0802/206441809,cooler_Trinity_206441809,$146.01,2017-04-11 00:00:00,5.0,It does keep what is in it cool but not as well and the better name brand coolers.,I just received the cooler and put it together in about 45 mins or so. Seems really well made and...,http://www.homedepot.com/p/Trinity-80-Qt-20-Gal-Stainless-Steel-Standing-Wheeled-Cooler-with-Shelf-TXK-0802/206441809,CK, , ,HD, 
 ,Trinity,cooler,"Entertain in style with an 80 Qt./20 Gal./24 aluminum can capacity. This sleek stainless steel cooler/ice cart is especially convenient with its raised design and wheels. The bottom shelf also provides extra storage space allowing easy refills, or anything else that needs to be carted.
High quality 304 grade stainless steel
Sleek dark bronze speckled finish on the lid, shelf and legs
80 Qt./20 Gal./80 aluminum can capacity
2 in. x 1 in. casters for easy mobility (2 locking, 2 non-locking)
Attached bottle opener and cap catcher
Steel bottom shelf for additional storage
Includes drainage plug for easy care
2-sided easy access lid",http://www.homedepot.com/catalog/productImages/1000/e6/e671f754-a251-4dab-85ef-5feaf8968b50_1000.jpg,206441809,80 Qt./20 Gal. Stainless Steel Standing Wheeled Cooler with Shelf,http://www.homedepot.com/p/Trinity-80-Qt-20-Gal-Stainless-Steel-Standing-Wheeled-Cooler-with-Shelf-TXK-0802/206441809,cooler_Trinity_206441809,$146.01,2017-03-28 00:00:00,5.0,The tray on the bottom is handy for store extra beverages or for collected bottles to recycle. ,Love it!,http://www.homedepot.com/p/Trinity-80-Qt-20-Gal-Stainless-Steel-Standing-Wheeled-Cooler-with-Shelf-TXK-0802/206441809,Aimless, , ,HD, 
 ,Rubbermaid,cooler,"This cooler has a hinged, split lid to provide easy access to the interior without letting cold air out. Food and beverages stay cold. Cup holders atop the lid hold 12 oz. cans and 20 oz. bottles.
Liner cleans easily and has Microban anti-microbial protection
Side swing handles with comfort grip for easy carrying
Durable construction
BPA free",http://www.homedepot.com/catalog/productImages/1000/72/72a42c4c-1b8e-468a-bdde-94fb575a2cd5_1000.jpg,205877552,50 Qt. Insulated Modern Red Cooler,http://www.homedepot.com/p/Rubbermaid-50-Qt-Insulated-Modern-Red-Cooler-1929015/205877552,cooler_Rubbermaid_205877552,$17.97,2017-04-11 00:00:00,2.0,I USE AS A STORAGE FOR MY SUV. FOR ME DOESNT LOOK VERY GOOD BUT AGAIN FOR WHAT I PAY ITS GOOD FOR MY USE.,I USE AS A STORAGE FOR MY SUV. FOR ME DOESNT LOOK VERY GOOD BUT AGAIN FOR WHAT I PAY ITS GOOD FOR...,http://www.homedepot.com/p/Rubbermaid-50-Qt-Insulated-Modern-Red-Cooler-1929015/205877552,MGONZALEZ, , ,HD, 
 ,Rubbermaid,cooler,"This cooler has a hinged, split lid to provide easy access to the interior without letting cold air out. Food and beverages stay cold. Cup holders atop the lid hold 12 oz. cans and 20 oz. bottles.
Liner cleans easily and has Microban anti-microbial protection
Side swing handles with comfort grip for easy carrying
Durable construction
BPA free",http://www.homedepot.com/catalog/productImages/1000/72/72a42c4c-1b8e-468a-bdde-94fb575a2cd5_1000.jpg,205877552,50 Qt. Insulated Modern Red Cooler,http://www.homedepot.com/p/Rubbermaid-50-Qt-Insulated-Modern-Red-Cooler-1929015/205877552,cooler_Rubbermaid_205877552,$17.97,2017-05-17 00:00:00,2.0,light weight and holds plenty. excellent buy.,light weight and holds plenty. excellent buy.,http://www.homedepot.com/p/Rubbermaid-50-Qt-Insulated-Modern-Red-Cooler-1929015/205877552,yobob, , ,HD, 
 ,Rubbermaid,cooler,"This cooler has a hinged, split lid to provide easy access to the interior without letting cold air out. Food and beverages stay cold. Cup holders atop the lid hold 12 oz. cans and 20 oz. bottles.
Liner cleans easily and has Microban anti-microbial protection
Side swing handles with comfort grip for easy carrying
Durable construction
BPA free",http://www.homedepot.com/catalog/productImages/1000/72/72a42c4c-1b8e-468a-bdde-94fb575a2cd5_1000.jpg,205877552,50 Qt. Insulated Modern Red Cooler,http://www.homedepot.com/p/Rubbermaid-50-Qt-Insulated-Modern-Red-Cooler-1929015/205877552,cooler_Rubbermaid_205877552,$17.97,2017-05-16 00:00:00,2.0,"Cooler is more solidly built than many other coolers I have used, particularly the lid hinges.","Cooler is more solidly built than many other coolers I have used, particularly the lid hinges.",http://www.homedepot.com/p/Rubbermaid-50-Qt-Insulated-Modern-Red-Cooler-1929015/205877552,Chuck, , ,HD, 
 ,Rubbermaid,cooler,"This cooler has a hinged, split lid to provide easy access to the interior without letting cold air out. Food and beverages stay cold. Cup holders atop the lid hold 12 oz. cans and 20 oz. bottles.
Liner cleans easily and has Microban anti-microbial protection
Side swing handles with comfort grip for easy carrying
Durable construction
BPA free",http://www.homedepot.com/catalog/productImages/1000/72/72a42c4c-1b8e-468a-bdde-94fb575a2cd5_1000.jpg,205877552,50 Qt. Insulated Modern Red Cooler,http://www.homedepot.com/p/Rubbermaid-50-Qt-Insulated-Modern-Red-Cooler-1929015/205877552,cooler_Rubbermaid_205877552,$17.97,2017-05-16 00:00:00,2.0,4 stars only because there is no drain spout. Other than that it is a great cooler.,4 stars only because there is no drain spout. Other than that it is a great cooler.,http://www.homedepot.com/p/Rubbermaid-50-Qt-Insulated-Modern-Red-Cooler-1929015/205877552,nick, , ,HD, 
 ,Rubbermaid,cooler,"This cooler has a hinged, split lid to provide easy access to the interior without letting cold air out. Food and beverages stay cold. Cup holders atop the lid hold 12 oz. cans and 20 oz. bottles.
Liner cleans easily and has Microban anti-microbial protection
Side swing handles with comfort grip for easy carrying
Durable construction
BPA free",http://www.homedepot.com/catalog/productImages/1000/72/72a42c4c-1b8e-468a-bdde-94fb575a2cd5_1000.jpg,205877552,50 Qt. Insulated Modern Red Cooler,http://www.homedepot.com/p/Rubbermaid-50-Qt-Insulated-Modern-Red-Cooler-1929015/205877552,cooler_Rubbermaid_205877552,$17.97,2017-05-16 00:00:00,2.0,"I love the double flip top. I wish it had wheels but overall, still a good value.",Great Value,http://www.homedepot.com/p/Rubbermaid-50-Qt-Insulated-Modern-Red-Cooler-1929015/205877552,Ms4thofjuly, , ,HD, 
 ,Rubbermaid,cooler,"This cooler has a hinged, split lid to provide easy access to the interior without letting cold air out. Food and beverages stay cold. Cup holders atop the lid hold 12 oz. cans and 20 oz. bottles.
Liner cleans easily and has Microban anti-microbial protection
Side swing handles with comfort grip for easy carrying
Durable construction
BPA free",http://www.homedepot.com/catalog/productImages/1000/72/72a42c4c-1b8e-468a-bdde-94fb575a2cd5_1000.jpg,205877552,50 Qt. Insulated Modern Red Cooler,http://www.homedepot.com/p/Rubbermaid-50-Qt-Insulated-Modern-Red-Cooler-1929015/205877552,cooler_Rubbermaid_205877552,$17.97,2017-05-16 00:00:00,2.0,It does the job. 4 stars. Wish it had wheels like the one I replaced.,Cool,http://www.homedepot.com/p/Rubbermaid-50-Qt-Insulated-Modern-Red-Cooler-1929015/205877552,Dsmb, , ,HD, 
 ,Rubbermaid,cooler,"This cooler has a hinged, split lid to provide easy access to the interior without letting cold air out. Food and beverages stay cold. Cup holders atop the lid hold 12 oz. cans and 20 oz. bottles.
Liner cleans easily and has Microban anti-microbial protection
Side swing handles with comfort grip for easy carrying
Durable construction
BPA free",http://www.homedepot.com/catalog/productImages/1000/72/72a42c4c-1b8e-468a-bdde-94fb575a2cd5_1000.jpg,205877552,50 Qt. Insulated Modern Red Cooler,http://www.homedepot.com/p/Rubbermaid-50-Qt-Insulated-Modern-Red-Cooler-1929015/205877552,cooler_Rubbermaid_205877552,$17.97,2017-05-02 00:00:00,2.0,"This is an okay cooler for weekends at the beach or lake. While I haven't tried to see how long ice would last if you didn't open the lid, (who does that) the ice was all melted the next morning after being filled with ice and beer at lunch time the day before and it wasn't very hot outside, about 80* F.
I do like the split lid, its handy for grabbing just one item out of the cooler and might make the ice last just a little longer.",This is an okay cooler for weekends at the beach or lake. While I haven't tried to see how long ...,http://www.homedepot.com/p/Rubbermaid-50-Qt-Insulated-Modern-Red-Cooler-1929015/205877552,Airmedic1, , ,HD, 
 ,Rubbermaid,cooler,"This cooler has a hinged, split lid to provide easy access to the interior without letting cold air out. Food and beverages stay cold. Cup holders atop the lid hold 12 oz. cans and 20 oz. bottles.
Liner cleans easily and has Microban anti-microbial protection
Side swing handles with comfort grip for easy carrying
Durable construction
BPA free",http://www.homedepot.com/catalog/productImages/1000/72/72a42c4c-1b8e-468a-bdde-94fb575a2cd5_1000.jpg,205877552,50 Qt. Insulated Modern Red Cooler,http://www.homedepot.com/p/Rubbermaid-50-Qt-Insulated-Modern-Red-Cooler-1929015/205877552,cooler_Rubbermaid_205877552,$17.97,2017-05-13 00:00:00,2.0,Rating provided by a verified purchaser,5 Star Review,http://www.homedepot.com/p/Rubbermaid-50-Qt-Insulated-Modern-Red-Cooler-1929015/205877552,Anonymous, , ,HD, 
